-- 015-schedule-2025.sql
-- LAD 2025 training schedule loaded as courses + sessions (aligned to the 2026
-- cycle so sessions are current/bookable). 39 courses, ~564 seat-limited
-- sessions. Type (mandatory/accredited) is taken from the schedule's TYPE
-- column. Every course costs 5 credits. INSERT OR IGNORE — safe to re-run.

-- ── Providers (partners) ──
INSERT OR IGNORE INTO providers (id, name, full_name, accredited) VALUES
('kwintessential','Kwintessential','Kwintessential',1),
('clyde-co','Clyde&Co','Clyde&Co',1),
('galadari','Galadari','Galadari',1),
('kwintessential-galadari','Kwintessential- Galadari','Kwintessential- Galadari',1),
('kwintessential-bu','Kwintessential-BU','Kwintessential-BU',1),
('adr','ADR','ADR',1),
('hadef','Hadef','Hadef',1),
('kwinessential-galadari','Kwinessential - Galadari','Kwinessential - Galadari',1),
('kwintessential-galadari','Kwintessential - Galadari','Kwintessential - Galadari',1);

-- ── Courses (all 5 credits) ──
INSERT OR IGNORE INTO courses (id, title, category, type, format, pts, credits, provider_id, location, description, language, active, bg, icon) VALUES
('real-property-rights','Real Property rights','CLPD 2025','mandatory','face-to-face',2,5,'kwintessential','Dubai · scheduled sessions','Real Property rights — mandatory CLPD course.','Arabic',1,'linear-gradient(135deg,#0a2040,#020817)',''),
('emotional-and-social-intelligence','Emotional and social intelligence','CLPD 2025','accredited','webinar',2,5,'kwintessential','Dubai · scheduled sessions','Emotional and social intelligence — accredited CLPD course.','English',1,'linear-gradient(135deg,#1a0a30,#2d1b69)',''),
('gifts-under-the-uae-laws','Gifts under the UAE laws','CLPD 2025','accredited','webinar',2,5,'kwintessential','Dubai · scheduled sessions','Gifts under the UAE laws — accredited CLPD course.','Arabic',1,'linear-gradient(135deg,#3b0764,#1e1b4b)',''),
('the-power-of-slowing-down-managing-your-daily-','The Power of slowing down : managing your daily stress','CLPD 2025','accredited','webinar',2,5,'kwintessential','Dubai · scheduled sessions','The Power of slowing down : managing your daily stress — accredited CLPD course.','English',1,'linear-gradient(135deg,#2a3a1a,#0a1a08)',''),
('common-law-contract-principles','Common law contract principles','CLPD 2025','mandatory','face-to-face',2,5,'clyde-co','Dubai · scheduled sessions','Common law contract principles — mandatory CLPD course.','English',1,'linear-gradient(135deg,#3a2a1a,#1a1208)',''),
('overview-of-financial-landscape-in-the-uae','Overview of Financial Landscape in the UAE','CLPD 2025','mandatory','face-to-face',2,5,'galadari','Dubai · scheduled sessions','Overview of Financial Landscape in the UAE — mandatory CLPD course.','Arabic & English',1,'linear-gradient(135deg,#0d3b3a,#07211c)',''),
('introduction-to-uae-medical-malpractice-law-pr','Introduction to UAE Medical Malpractice Law, Procedure and Practice','CLPD 2025','accredited','webinar',2,5,'kwintessential-galadari','Dubai · scheduled sessions','Introduction to UAE Medical Malpractice Law, Procedure and Practice — accredited CLPD course.','Arabic & English',1,'linear-gradient(135deg,#3a1a1a,#1a0808)',''),
('challenging-enforcing-the-arbitral-award','Challenging & Enforcing the Arbitral Award','CLPD 2025','mandatory','face-to-face',2,5,'kwintessential','Dubai · scheduled sessions','Challenging & Enforcing the Arbitral Award — mandatory CLPD course.','Arabic & English',1,'linear-gradient(135deg,#1c3a5e,#0a2040)',''),
('construction-law-arbitration','Construction Law & Arbitration','CLPD 2025','accredited','webinar',2,5,'kwintessential-bu','Dubai · scheduled sessions','Construction Law & Arbitration — accredited CLPD course.','English',1,'linear-gradient(135deg,#0a2040,#020817)',''),
('assertiveness-skills-the-added-value','Assertiveness skills : the added value','CLPD 2025','accredited','webinar',2,5,'kwintessential','Dubai · scheduled sessions','Assertiveness skills : the added value — accredited CLPD course.','English',1,'linear-gradient(135deg,#1a0a30,#2d1b69)',''),
('medical-liability-under-uae-law','Medical liability under UAE law','CLPD 2025','accredited','webinar',2,5,'kwintessential','Dubai · scheduled sessions','Medical liability under UAE law — accredited CLPD course.','Arabic',1,'linear-gradient(135deg,#3b0764,#1e1b4b)',''),
('mediation-advocacy-elevating-legal-practice-in','Mediation Advocacy: Elevating Legal Practice in Mediation','CLPD 2025','mandatory','face-to-face',2,5,'adr','Dubai · scheduled sessions','Mediation Advocacy: Elevating Legal Practice in Mediation — mandatory CLPD course.','Arabic & English',1,'linear-gradient(135deg,#2a3a1a,#0a1a08)',''),
('the-evidence-law','The Evidence Law','CLPD 2025','mandatory','face-to-face',2,5,'hadef','Dubai · scheduled sessions','The Evidence Law — mandatory CLPD course.','Arabic',1,'linear-gradient(135deg,#3a2a1a,#1a1208)',''),
('levaraging-linkedin','Levaraging Linkedin','CLPD 2025','accredited','webinar',2,5,'kwintessential','Dubai · scheduled sessions','Levaraging Linkedin — accredited CLPD course.','English',1,'linear-gradient(135deg,#0d3b3a,#07211c)',''),
('alternative-dispute-resolution-in-the-uae','Alternative Dispute Resolution in the UAE','CLPD 2025','accredited','webinar',2,5,'kwintessential-galadari','Dubai · scheduled sessions','Alternative Dispute Resolution in the UAE — accredited CLPD course.','English',1,'linear-gradient(135deg,#3a1a1a,#1a0808)',''),
('mastering-your-linkedin-profile-build-a-powerf','Mastering Your LinkedIn Profile: Build a Powerful Personal Brand','CLPD 2025','accredited','webinar',2,5,'kwintessential','Dubai · scheduled sessions','Mastering Your LinkedIn Profile: Build a Powerful Personal Brand — accredited CLPD course.','English',1,'linear-gradient(135deg,#1c3a5e,#0a2040)',''),
('defamation-in-the-uae-what-we-all-need-to-know','Defamation in the UAE – What we all need to know','CLPD 2025','mandatory','face-to-face',2,5,'hadef','Dubai · scheduled sessions','Defamation in the UAE – What we all need to know — mandatory CLPD course.','Arabic & English',1,'linear-gradient(135deg,#0a2040,#020817)',''),
('immigration-law','Immigration Law','CLPD 2025','mandatory','face-to-face',2,5,'kwintessential','Dubai · scheduled sessions','Immigration Law — mandatory CLPD course.','Arabic & English',1,'linear-gradient(135deg,#1a0a30,#2d1b69)',''),
('consumer-protection-in-electronic-transactions','Consumer Protection in Electronic Transactions','CLPD 2025','mandatory','face-to-face',2,5,'kwintessential','Dubai · scheduled sessions','Consumer Protection in Electronic Transactions — mandatory CLPD course.','Arabic & English',1,'linear-gradient(135deg,#3b0764,#1e1b4b)',''),
('uae-bankruptcy-law-practice-and-trends-a-maste','UAE Bankruptcy Law, Practice and Trends – a Masterclass','CLPD 2025','mandatory','face-to-face',2,5,'hadef','Dubai · scheduled sessions','UAE Bankruptcy Law, Practice and Trends – a Masterclass — mandatory CLPD course.','Arabic & English',1,'linear-gradient(135deg,#2a3a1a,#0a1a08)',''),
('exploration-and-production-sharing-agreements-','Exploration and Production Sharing Agreements under UAE Law – Part I','CLPD 2025','mandatory','face-to-face',2,5,'galadari','Dubai · scheduled sessions','Exploration and Production Sharing Agreements under UAE Law – Part I — mandatory CLPD course.','English',1,'linear-gradient(135deg,#3a2a1a,#1a1208)',''),
('liquidated-damages-in-the-uae','Liquidated Damages in the UAE','CLPD 2025','accredited','face-to-face',2,5,'kwintessential','Dubai · scheduled sessions','Liquidated Damages in the UAE — accredited CLPD course.','Arabic',1,'linear-gradient(135deg,#0d3b3a,#07211c)',''),
('from-the-client-experience-to-the-client-commi','From the Client Experience to the Client Commitment : The Journey','CLPD 2025','accredited','face-to-face',2,5,'kwintessential','Dubai · scheduled sessions','From the Client Experience to the Client Commitment : The Journey — accredited CLPD course.','English',1,'linear-gradient(135deg,#3a1a1a,#1a0808)',''),
('pathological-arbitration-clauses-and-how-to-cu','Pathological Arbitration Clauses and How to Cure Them','CLPD 2025','accredited','face-to-face',2,5,'kwinessential-galadari','Dubai · scheduled sessions','Pathological Arbitration Clauses and How to Cure Them — accredited CLPD course.','English',1,'linear-gradient(135deg,#1c3a5e,#0a2040)',''),
('personal-accountability-v-s-organizational-acc','Personal accountability v/s organizational accountability','CLPD 2025','accredited','face-to-face',2,5,'kwintessential','Dubai · scheduled sessions','Personal accountability v/s organizational accountability — accredited CLPD course.','English',1,'linear-gradient(135deg,#0a2040,#020817)',''),
('attachment-in-the-uae-code-of-civil-procedure','Attachment in the UAE Code of Civil Procedure','CLPD 2025','accredited','face-to-face',2,5,'kwintessential','Dubai · scheduled sessions','Attachment in the UAE Code of Civil Procedure — accredited CLPD course.','Arabic',1,'linear-gradient(135deg,#1a0a30,#2d1b69)',''),
('an-overview-of-financial-landscape-in-the-uae','An Overview of Financial Landscape in the UAE','CLPD 2025','mandatory','face-to-face',2,5,'galadari','Dubai · scheduled sessions','An Overview of Financial Landscape in the UAE — mandatory CLPD course.','English',1,'linear-gradient(135deg,#3b0764,#1e1b4b)',''),
('internal-session-only-common-law-principles-of','INTERNAL Session ONLY - Common law principles of tort in a commercial context','CLPD 2025','mandatory','face-to-face',2,5,'clyde-co','Dubai · scheduled sessions','INTERNAL Session ONLY - Common law principles of tort in a commercial context — mandatory CLPD course.','English',1,'linear-gradient(135deg,#2a3a1a,#0a1a08)',''),
('from-the-client-experience-to-the-client-commi-2','From the Client Experience to the Client Commitment: The Journey','CLPD 2025','accredited','face-to-face',2,5,'kwintessential','Dubai · scheduled sessions','From the Client Experience to the Client Commitment: The Journey — accredited CLPD course.','English',1,'linear-gradient(135deg,#3a2a1a,#1a1208)',''),
('competition-and-anti-dumping-laws-in-uae','Competition and Anti-Dumping Laws in UAE','CLPD 2025','mandatory','face-to-face',2,5,'galadari','Dubai · scheduled sessions','Competition and Anti-Dumping Laws in UAE — mandatory CLPD course.','English',1,'linear-gradient(135deg,#0d3b3a,#07211c)',''),
('common-law-principles-of-tort-in-a-commercial-','Common law principles of tort in a commercial context','CLPD 2025','mandatory','face-to-face',2,5,'clyde-co','Dubai · scheduled sessions','Common law principles of tort in a commercial context — mandatory CLPD course.','English',1,'linear-gradient(135deg,#3a1a1a,#1a0808)',''),
('navigating-civil-and-commercial-court-cases','Navigating Civil and Commercial Court Cases','CLPD 2025','mandatory','face-to-face',2,5,'kwintessential','Dubai · scheduled sessions','Navigating Civil and Commercial Court Cases — mandatory CLPD course.','English',1,'linear-gradient(135deg,#1c3a5e,#0a2040)',''),
('overview-of-the-competition-law-in-the-uae','Overview of the Competition Law in the UAE','CLPD 2025','mandatory','face-to-face',2,5,'galadari','Dubai · scheduled sessions','Overview of the Competition Law in the UAE — mandatory CLPD course.','English',1,'linear-gradient(135deg,#0a2040,#020817)',''),
('commercial-contracts-under-civil-code','Commercial Contracts Under Civil Code','CLPD 2025','accredited','face-to-face',2,5,'kwintessential-galadari','Dubai · scheduled sessions','Commercial Contracts Under Civil Code — accredited CLPD course.','English',1,'linear-gradient(135deg,#1a0a30,#2d1b69)',''),
('onshore-and-offshore-arbitration-framework-and','Onshore and Offshore Arbitration Framework and its Recent Updates','CLPD 2025','mandatory','face-to-face',2,5,'kwintessential','Dubai · scheduled sessions','Onshore and Offshore Arbitration Framework and its Recent Updates — mandatory CLPD course.','Arabic & English',1,'linear-gradient(135deg,#3b0764,#1e1b4b)',''),
('onshore-and-offshore-arbitration-framework-and-2','Onshore and Offshore Arbitration Framework and its recent Updates','CLPD 2025','mandatory','face-to-face',2,5,'adr','Dubai · scheduled sessions','Onshore and Offshore Arbitration Framework and its recent Updates — mandatory CLPD course.','English',1,'linear-gradient(135deg,#2a3a1a,#0a1a08)',''),
('an-overview-of-financial-landscape-in-the-uae-2','An overview of Financial landscape in the UAE','CLPD 2025','mandatory','face-to-face',2,5,'galadari','Dubai · scheduled sessions','An overview of Financial landscape in the UAE — mandatory CLPD course.','Arabic',1,'linear-gradient(135deg,#3a2a1a,#1a1208)',''),
('corporate-income-tax-in-the-uae','Corporate Income Tax in the UAE','CLPD 2025','mandatory','face-to-face',2,5,'kwintessential','Dubai · scheduled sessions','Corporate Income Tax in the UAE — mandatory CLPD course.','Arabic & English',1,'linear-gradient(135deg,#0d3b3a,#07211c)',''),
('consumer-protection-in-aviation-law','Consumer protection in Aviation law','CLPD 2025','mandatory','face-to-face',2,5,'kwintessential','Dubai · scheduled sessions','Consumer protection in Aviation law — mandatory CLPD course.','Arabic',1,'linear-gradient(135deg,#3a1a1a,#1a0808)','');

-- ── Sessions (seat-limited) ──
INSERT OR IGNORE INTO course_sessions (id, course_id, scheduled_at, end_at, capacity, seats_remaining, venue, language, status) VALUES
('real-property-rights#0','real-property-rights','2026-01-08T09:30:00Z','2026-01-08T11:30:00Z',40,40,'LAD Training Centre, Dubai','Arabic','closed'),
('emotional-and-social-intelligence#0','emotional-and-social-intelligence','2026-01-08T09:30:00Z','2026-01-08T11:30:00Z',20,20,'Online · Webex','English','closed'),
('gifts-under-the-uae-laws#0','gifts-under-the-uae-laws','2026-01-09T12:00:00Z','2026-01-09T16:00:00Z',35,35,'Online · Webex','Arabic','closed'),
('the-power-of-slowing-down-managing-your-daily-#0','the-power-of-slowing-down-managing-your-daily-','2026-01-09T14:30:00Z','2026-01-09T16:30:00Z',20,20,'Online · Webex','English','closed'),
('common-law-contract-principles#0','common-law-contract-principles','2026-01-13T09:30:00Z','2026-01-13T11:30:00Z',40,40,'LAD Training Centre, Dubai','English','closed'),
('overview-of-financial-landscape-in-the-uae#0','overview-of-financial-landscape-in-the-uae','2026-01-13T09:30:00Z','2026-01-13T11:30:00Z',15,15,'LAD Training Centre, Dubai','English','closed'),
('introduction-to-uae-medical-malpractice-law-pr#0','introduction-to-uae-medical-malpractice-law-pr','2026-01-13T14:30:00Z','2026-01-13T16:30:00Z',30,30,'Online · Webex','Arabic','closed'),
('challenging-enforcing-the-arbitral-award#0','challenging-enforcing-the-arbitral-award','2026-01-14T09:30:00Z','2026-01-14T11:30:00Z',30,30,'LAD Training Centre, Dubai','English','closed'),
('challenging-enforcing-the-arbitral-award#1','challenging-enforcing-the-arbitral-award','2026-01-14T12:00:00Z','2026-01-14T14:00:00Z',25,25,'LAD Training Centre, Dubai','Arabic','closed'),
('construction-law-arbitration#0','construction-law-arbitration','2026-01-14T10:00:00Z','2026-01-14T14:30:00Z',20,20,'Online · Webex','English','closed'),
('assertiveness-skills-the-added-value#0','assertiveness-skills-the-added-value','2026-01-15T09:30:00Z','2026-01-15T11:30:00Z',30,30,'Online · Webex','English','closed'),
('overview-of-financial-landscape-in-the-uae#1','overview-of-financial-landscape-in-the-uae','2026-01-15T12:00:00Z','2026-01-15T14:00:00Z',30,30,'LAD Training Centre, Dubai','Arabic','closed'),
('medical-liability-under-uae-law#0','medical-liability-under-uae-law','2026-01-16T12:00:00Z','2026-01-16T16:00:00Z',20,20,'Online · Webex','Arabic','closed'),
('introduction-to-uae-medical-malpractice-law-pr#1','introduction-to-uae-medical-malpractice-law-pr','2026-01-16T14:30:00Z','2026-01-16T16:30:00Z',15,15,'Online · Webex','English','closed'),
('mediation-advocacy-elevating-legal-practice-in#0','mediation-advocacy-elevating-legal-practice-in','2026-01-20T09:30:00Z','2026-01-20T11:30:00Z',20,20,'LAD Training Centre, Dubai','English','closed'),
('mediation-advocacy-elevating-legal-practice-in#1','mediation-advocacy-elevating-legal-practice-in','2026-01-20T14:30:00Z','2026-01-20T16:30:00Z',25,25,'LAD Training Centre, Dubai','English','closed'),
('mediation-advocacy-elevating-legal-practice-in#2','mediation-advocacy-elevating-legal-practice-in','2026-01-21T09:30:00Z','2026-01-21T11:30:00Z',30,30,'LAD Training Centre, Dubai','English','closed'),
('mediation-advocacy-elevating-legal-practice-in#3','mediation-advocacy-elevating-legal-practice-in','2026-01-21T14:30:00Z','2026-01-21T16:30:00Z',20,20,'LAD Training Centre, Dubai','English','closed'),
('mediation-advocacy-elevating-legal-practice-in#4','mediation-advocacy-elevating-legal-practice-in','2026-01-22T09:30:00Z','2026-01-22T11:30:00Z',30,30,'LAD Training Centre, Dubai','English','closed'),
('mediation-advocacy-elevating-legal-practice-in#5','mediation-advocacy-elevating-legal-practice-in','2026-01-22T14:30:00Z','2026-01-22T16:30:00Z',15,15,'LAD Training Centre, Dubai','English','closed'),
('mediation-advocacy-elevating-legal-practice-in#6','mediation-advocacy-elevating-legal-practice-in','2026-01-23T09:30:00Z','2026-01-23T11:30:00Z',15,15,'LAD Training Centre, Dubai','English','closed'),
('mediation-advocacy-elevating-legal-practice-in#7','mediation-advocacy-elevating-legal-practice-in','2026-01-23T14:30:00Z','2026-01-23T16:30:00Z',40,40,'LAD Training Centre, Dubai','English','closed'),
('mediation-advocacy-elevating-legal-practice-in#8','mediation-advocacy-elevating-legal-practice-in','2026-01-24T09:30:00Z','2026-01-24T11:30:00Z',40,40,'LAD Training Centre, Dubai','English','closed'),
('mediation-advocacy-elevating-legal-practice-in#9','mediation-advocacy-elevating-legal-practice-in','2026-01-25T09:30:00Z','2026-01-25T11:30:00Z',20,20,'LAD Training Centre, Dubai','English','closed'),
('overview-of-financial-landscape-in-the-uae#2','overview-of-financial-landscape-in-the-uae','2026-01-27T09:30:00Z','2026-01-27T11:30:00Z',25,25,'LAD Training Centre, Dubai','English','closed'),
('medical-liability-under-uae-law#1','medical-liability-under-uae-law','2026-01-27T12:00:00Z','2026-01-27T16:00:00Z',25,25,'Online · Webex','Arabic','closed'),
('common-law-contract-principles#1','common-law-contract-principles','2026-01-28T09:30:00Z','2026-01-28T11:30:00Z',15,15,'LAD Training Centre, Dubai','English','closed'),
('the-evidence-law#0','the-evidence-law','2026-01-28T12:00:00Z','2026-01-28T14:00:00Z',25,25,'LAD Training Centre, Dubai','Arabic','closed'),
('levaraging-linkedin#0','levaraging-linkedin','2026-01-29T09:30:00Z','2026-01-29T11:30:00Z',30,30,'Online · Webex','English','closed'),
('gifts-under-the-uae-laws#1','gifts-under-the-uae-laws','2026-01-29T12:00:00Z','2026-01-29T16:00:00Z',35,35,'Online · Webex','Arabic','closed'),
('construction-law-arbitration#1','construction-law-arbitration','2026-01-30T10:00:00Z','2026-01-30T14:30:00Z',30,30,'Online · Webex','English','closed'),
('challenging-enforcing-the-arbitral-award#2','challenging-enforcing-the-arbitral-award','2026-01-30T12:00:00Z','2026-01-30T14:00:00Z',40,40,'LAD Training Centre, Dubai','English','closed'),
('challenging-enforcing-the-arbitral-award#3','challenging-enforcing-the-arbitral-award','2026-01-30T14:30:00Z','2026-01-30T16:30:00Z',15,15,'LAD Training Centre, Dubai','Arabic','closed'),
('alternative-dispute-resolution-in-the-uae#0','alternative-dispute-resolution-in-the-uae','2026-01-30T14:30:00Z','2026-01-30T16:30:00Z',20,20,'Online · Webex','English','closed'),
('real-property-rights#1','real-property-rights','2026-02-03T09:30:00Z','2026-02-03T11:30:00Z',40,40,'LAD Training Centre, Dubai','Arabic','closed'),
('emotional-and-social-intelligence#1','emotional-and-social-intelligence','2026-02-03T14:30:00Z','2026-02-03T16:30:00Z',25,25,'Online · Webex','English','closed'),
('challenging-enforcing-the-arbitral-award#4','challenging-enforcing-the-arbitral-award','2026-02-04T09:30:00Z','2026-02-04T11:30:00Z',25,25,'LAD Training Centre, Dubai','English','closed'),
('challenging-enforcing-the-arbitral-award#5','challenging-enforcing-the-arbitral-award','2026-02-04T12:00:00Z','2026-02-04T14:00:00Z',20,20,'LAD Training Centre, Dubai','Arabic','closed'),
('common-law-contract-principles#2','common-law-contract-principles','2026-02-05T09:30:00Z','2026-02-05T11:30:00Z',25,25,'LAD Training Centre, Dubai','English','closed'),
('overview-of-financial-landscape-in-the-uae#3','overview-of-financial-landscape-in-the-uae','2026-02-06T09:30:00Z','2026-02-06T11:30:00Z',15,15,'LAD Training Centre, Dubai','English','closed'),
('medical-liability-under-uae-law#2','medical-liability-under-uae-law','2026-02-06T12:00:00Z','2026-02-06T16:00:00Z',20,20,'Online · Webex','Arabic','closed'),
('mediation-advocacy-elevating-legal-practice-in#10','mediation-advocacy-elevating-legal-practice-in','2026-02-10T09:30:00Z','2026-02-10T11:30:00Z',20,20,'LAD Training Centre, Dubai','English','closed'),
('construction-law-arbitration#2','construction-law-arbitration','2026-02-10T10:00:00Z','2026-02-10T14:30:00Z',40,40,'Online · Webex','English','closed'),
('mediation-advocacy-elevating-legal-practice-in#11','mediation-advocacy-elevating-legal-practice-in','2026-02-10T14:30:00Z','2026-02-10T16:30:00Z',30,30,'LAD Training Centre, Dubai','English','closed'),
('the-power-of-slowing-down-managing-your-daily-#1','the-power-of-slowing-down-managing-your-daily-','2026-02-10T14:30:00Z','2026-02-10T16:30:00Z',20,20,'Online · Webex','English','closed'),
('mediation-advocacy-elevating-legal-practice-in#12','mediation-advocacy-elevating-legal-practice-in','2026-02-11T09:30:00Z','2026-02-11T11:30:00Z',35,35,'LAD Training Centre, Dubai','English','closed'),
('gifts-under-the-uae-laws#2','gifts-under-the-uae-laws','2026-02-11T12:00:00Z','2026-02-11T16:00:00Z',25,25,'Online · Webex','Arabic','closed'),
('mediation-advocacy-elevating-legal-practice-in#13','mediation-advocacy-elevating-legal-practice-in','2026-02-12T09:30:00Z','2026-02-12T11:30:00Z',35,35,'LAD Training Centre, Dubai','English','closed'),
('mediation-advocacy-elevating-legal-practice-in#14','mediation-advocacy-elevating-legal-practice-in','2026-02-12T14:30:00Z','2026-02-12T16:30:00Z',20,20,'LAD Training Centre, Dubai','English','closed'),
('assertiveness-skills-the-added-value#1','assertiveness-skills-the-added-value','2026-02-13T09:30:00Z','2026-02-13T11:30:00Z',30,30,'Online · Webex','English','closed'),
('mediation-advocacy-elevating-legal-practice-in#15','mediation-advocacy-elevating-legal-practice-in','2026-02-13T09:30:00Z','2026-02-13T11:30:00Z',40,40,'LAD Training Centre, Dubai','English','closed'),
('mediation-advocacy-elevating-legal-practice-in#16','mediation-advocacy-elevating-legal-practice-in','2026-02-14T09:30:00Z','2026-02-14T11:30:00Z',35,35,'LAD Training Centre, Dubai','English','closed'),
('levaraging-linkedin#1','levaraging-linkedin','2026-02-17T09:30:00Z','2026-02-17T11:30:00Z',40,40,'Online · Webex','English','closed'),
('gifts-under-the-uae-laws#3','gifts-under-the-uae-laws','2026-02-17T12:00:00Z','2026-02-17T16:00:00Z',35,35,'Online · Webex','Arabic','closed'),
('introduction-to-uae-medical-malpractice-law-pr#2','introduction-to-uae-medical-malpractice-law-pr','2026-02-17T14:30:00Z','2026-02-17T16:30:00Z',30,30,'Online · Webex','English','closed'),
('medical-liability-under-uae-law#3','medical-liability-under-uae-law','2026-02-18T12:00:00Z','2026-02-18T16:00:00Z',20,20,'Online · Webex','Arabic','closed'),
('introduction-to-uae-medical-malpractice-law-pr#3','introduction-to-uae-medical-malpractice-law-pr','2026-02-18T14:30:00Z','2026-02-18T16:30:00Z',30,30,'Online · Webex','Arabic','closed'),
('the-evidence-law#1','the-evidence-law','2026-02-19T12:00:00Z','2026-02-19T14:00:00Z',15,15,'LAD Training Centre, Dubai','Arabic','closed'),
('gifts-under-the-uae-laws#4','gifts-under-the-uae-laws','2026-02-19T12:00:00Z','2026-02-19T16:00:00Z',30,30,'Online · Webex','Arabic','closed'),
('medical-liability-under-uae-law#4','medical-liability-under-uae-law','2026-02-20T12:00:00Z','2026-02-20T16:00:00Z',25,25,'Online · Webex','Arabic','closed'),
('common-law-contract-principles#3','common-law-contract-principles','2026-02-24T09:30:00Z','2026-02-24T11:30:00Z',30,30,'LAD Training Centre, Dubai','English','closed'),
('alternative-dispute-resolution-in-the-uae#1','alternative-dispute-resolution-in-the-uae','2026-02-24T14:30:00Z','2026-02-24T16:30:00Z',25,25,'Online · Webex','English','closed'),
('mastering-your-linkedin-profile-build-a-powerf#0','mastering-your-linkedin-profile-build-a-powerf','2026-02-25T09:30:00Z','2026-02-25T11:30:00Z',40,40,'Online · Webex','English','closed'),
('challenging-enforcing-the-arbitral-award#6','challenging-enforcing-the-arbitral-award','2026-02-25T09:30:00Z','2026-02-25T11:30:00Z',40,40,'LAD Training Centre, Dubai','English','closed'),
('challenging-enforcing-the-arbitral-award#7','challenging-enforcing-the-arbitral-award','2026-02-25T12:00:00Z','2026-02-25T14:00:00Z',25,25,'LAD Training Centre, Dubai','Arabic','closed'),
('defamation-in-the-uae-what-we-all-need-to-know#0','defamation-in-the-uae-what-we-all-need-to-know','2026-02-26T09:30:00Z','2026-02-26T11:30:00Z',20,20,'LAD Training Centre, Dubai','English','closed'),
('immigration-law#0','immigration-law','2026-03-04T09:30:00Z','2026-03-04T11:30:00Z',25,25,'LAD Training Centre, Dubai','Arabic','closed'),
('emotional-and-social-intelligence#2','emotional-and-social-intelligence','2026-03-04T09:30:00Z','2026-03-04T11:30:00Z',30,30,'Online · Webex','English','closed'),
('overview-of-financial-landscape-in-the-uae#4','overview-of-financial-landscape-in-the-uae','2026-03-04T09:30:00Z','2026-03-04T11:30:00Z',25,25,'LAD Training Centre, Dubai','English','closed'),
('medical-liability-under-uae-law#5','medical-liability-under-uae-law','2026-03-05T09:30:00Z','2026-03-05T13:30:00Z',30,30,'Online · Webex','Arabic','closed'),
('introduction-to-uae-medical-malpractice-law-pr#4','introduction-to-uae-medical-malpractice-law-pr','2026-03-05T12:00:00Z','2026-03-05T14:00:00Z',20,20,'Online · Webex','Arabic','closed'),
('common-law-contract-principles#4','common-law-contract-principles','2026-03-06T09:30:00Z','2026-03-06T11:30:00Z',40,40,'LAD Training Centre, Dubai','English','closed'),
('the-power-of-slowing-down-managing-your-daily-#2','the-power-of-slowing-down-managing-your-daily-','2026-03-10T09:30:00Z','2026-03-10T11:30:00Z',20,20,'Online · Webex','English','closed'),
('challenging-enforcing-the-arbitral-award#8','challenging-enforcing-the-arbitral-award','2026-03-10T09:30:00Z','2026-03-10T11:30:00Z',25,25,'LAD Training Centre, Dubai','English','closed'),
('challenging-enforcing-the-arbitral-award#9','challenging-enforcing-the-arbitral-award','2026-03-10T12:00:00Z','2026-03-10T14:00:00Z',40,40,'LAD Training Centre, Dubai','Arabic','closed'),
('gifts-under-the-uae-laws#5','gifts-under-the-uae-laws','2026-03-11T09:30:00Z','2026-03-11T13:30:00Z',25,25,'Online · Webex','Arabic','closed'),
('mastering-your-linkedin-profile-build-a-powerf#1','mastering-your-linkedin-profile-build-a-powerf','2026-03-12T09:30:00Z','2026-03-12T11:30:00Z',20,20,'Online · Webex','English','closed'),
('the-evidence-law#2','the-evidence-law','2026-03-12T12:00:00Z','2026-03-12T14:00:00Z',15,15,'LAD Training Centre, Dubai','Arabic','closed'),
('assertiveness-skills-the-added-value#2','assertiveness-skills-the-added-value','2026-03-13T09:30:00Z','2026-03-13T11:30:00Z',30,30,'Online · Webex','English','closed'),
('introduction-to-uae-medical-malpractice-law-pr#5','introduction-to-uae-medical-malpractice-law-pr','2026-03-13T12:00:00Z','2026-03-13T14:00:00Z',40,40,'Online · Webex','English','closed'),
('levaraging-linkedin#2','levaraging-linkedin','2026-03-17T09:30:00Z','2026-03-17T11:30:00Z',40,40,'Online · Webex','English','closed'),
('medical-liability-under-uae-law#6','medical-liability-under-uae-law','2026-03-18T09:30:00Z','2026-03-18T13:30:00Z',40,40,'Online · Webex','Arabic','closed'),
('defamation-in-the-uae-what-we-all-need-to-know#1','defamation-in-the-uae-what-we-all-need-to-know','2026-03-19T09:30:00Z','2026-03-19T11:30:00Z',20,20,'LAD Training Centre, Dubai','English','closed'),
('consumer-protection-in-electronic-transactions#0','consumer-protection-in-electronic-transactions','2026-03-19T09:30:00Z','2026-03-19T11:30:00Z',40,40,'LAD Training Centre, Dubai','Arabic','closed'),
('mediation-advocacy-elevating-legal-practice-in#17','mediation-advocacy-elevating-legal-practice-in','2026-03-19T12:00:00Z','2026-03-19T14:00:00Z',30,30,'LAD Training Centre, Dubai','English','closed'),
('immigration-law#1','immigration-law','2026-03-19T12:00:00Z','2026-03-19T14:00:00Z',30,30,'LAD Training Centre, Dubai','Arabic','closed'),
('gifts-under-the-uae-laws#6','gifts-under-the-uae-laws','2026-03-20T09:30:00Z','2026-03-20T13:30:00Z',40,40,'Online · Webex','Arabic','closed'),
('mediation-advocacy-elevating-legal-practice-in#18','mediation-advocacy-elevating-legal-practice-in','2026-03-20T09:30:00Z','2026-03-20T11:30:00Z',25,25,'LAD Training Centre, Dubai','English','closed'),
('mediation-advocacy-elevating-legal-practice-in#19','mediation-advocacy-elevating-legal-practice-in','2026-03-20T09:31:00Z','2026-03-20T11:31:00Z',25,25,'LAD Training Centre, Dubai','English','closed'),
('uae-bankruptcy-law-practice-and-trends-a-maste#0','uae-bankruptcy-law-practice-and-trends-a-maste','2026-03-20T12:00:00Z','2026-03-20T14:00:00Z',15,15,'LAD Training Centre, Dubai','English','closed'),
('mediation-advocacy-elevating-legal-practice-in#20','mediation-advocacy-elevating-legal-practice-in','2026-03-21T09:30:00Z','2026-03-21T11:30:00Z',40,40,'LAD Training Centre, Dubai','English','closed'),
('common-law-contract-principles#5','common-law-contract-principles','2026-03-24T09:30:00Z','2026-03-24T11:30:00Z',30,30,'LAD Training Centre, Dubai','English','closed'),
('exploration-and-production-sharing-agreements-#0','exploration-and-production-sharing-agreements-','2026-03-24T12:00:00Z','2026-03-24T14:00:00Z',15,15,'LAD Training Centre, Dubai','English','closed'),
('challenging-enforcing-the-arbitral-award#10','challenging-enforcing-the-arbitral-award','2026-03-26T09:30:00Z','2026-03-26T11:30:00Z',25,25,'LAD Training Centre, Dubai','English','closed'),
('challenging-enforcing-the-arbitral-award#11','challenging-enforcing-the-arbitral-award','2026-03-26T12:00:00Z','2026-03-26T14:00:00Z',25,25,'LAD Training Centre, Dubai','Arabic','closed'),
('defamation-in-the-uae-what-we-all-need-to-know#2','defamation-in-the-uae-what-we-all-need-to-know','2026-04-07T09:30:00Z','2026-04-07T11:30:00Z',25,25,'LAD Training Centre, Dubai','English','closed'),
('liquidated-damages-in-the-uae#0','liquidated-damages-in-the-uae','2026-04-07T12:00:00Z','2026-04-07T16:00:00Z',25,25,'LAD Training Centre, Dubai','Arabic','closed'),
('overview-of-financial-landscape-in-the-uae#5','overview-of-financial-landscape-in-the-uae','2026-04-08T12:00:00Z','2026-04-08T14:00:00Z',20,20,'LAD Training Centre, Dubai','English','closed'),
('common-law-contract-principles#6','common-law-contract-principles','2026-04-09T09:30:00Z','2026-04-09T11:30:00Z',35,35,'LAD Training Centre, Dubai','English','closed'),
('from-the-client-experience-to-the-client-commi#0','from-the-client-experience-to-the-client-commi','2026-04-10T09:30:00Z','2026-04-10T11:30:00Z',20,20,'LAD Training Centre, Dubai','English','closed'),
('the-evidence-law#3','the-evidence-law','2026-04-10T12:00:00Z','2026-04-10T14:00:00Z',25,25,'LAD Training Centre, Dubai','Arabic','closed'),
('pathological-arbitration-clauses-and-how-to-cu#0','pathological-arbitration-clauses-and-how-to-cu','2026-04-10T14:30:00Z','2026-04-10T16:30:00Z',40,40,'LAD Training Centre, Dubai','English','closed'),
('mediation-advocacy-elevating-legal-practice-in#21','mediation-advocacy-elevating-legal-practice-in','2026-04-14T09:30:00Z','2026-04-14T11:30:00Z',15,15,'LAD Training Centre, Dubai','English','closed'),
('personal-accountability-v-s-organizational-acc#0','personal-accountability-v-s-organizational-acc','2026-04-14T09:30:00Z','2026-04-14T11:30:00Z',20,20,'LAD Training Centre, Dubai','English','closed'),
('defamation-in-the-uae-what-we-all-need-to-know#3','defamation-in-the-uae-what-we-all-need-to-know','2026-04-14T12:00:00Z','2026-04-14T14:00:00Z',30,30,'LAD Training Centre, Dubai','Arabic','closed'),
('construction-law-arbitration#3','construction-law-arbitration','2026-04-14T10:00:00Z','2026-04-14T14:30:00Z',25,25,'Online · Webex','English','closed'),
('mediation-advocacy-elevating-legal-practice-in#22','mediation-advocacy-elevating-legal-practice-in','2026-04-14T14:00:00Z','2026-04-14T16:00:00Z',20,20,'LAD Training Centre, Dubai','English','closed'),
('mediation-advocacy-elevating-legal-practice-in#23','mediation-advocacy-elevating-legal-practice-in','2026-04-15T09:30:00Z','2026-04-15T11:30:00Z',20,20,'LAD Training Centre, Dubai','English','closed'),
('attachment-in-the-uae-code-of-civil-procedure#0','attachment-in-the-uae-code-of-civil-procedure','2026-04-15T12:00:00Z','2026-04-15T16:00:00Z',25,25,'LAD Training Centre, Dubai','Arabic','closed'),
('exploration-and-production-sharing-agreements-#1','exploration-and-production-sharing-agreements-','2026-04-15T12:00:00Z','2026-04-15T14:00:00Z',30,30,'LAD Training Centre, Dubai','English','closed'),
('mediation-advocacy-elevating-legal-practice-in#24','mediation-advocacy-elevating-legal-practice-in','2026-04-15T14:00:00Z','2026-04-15T16:00:00Z',25,25,'LAD Training Centre, Dubai','English','closed'),
('uae-bankruptcy-law-practice-and-trends-a-maste#1','uae-bankruptcy-law-practice-and-trends-a-maste','2026-04-15T14:30:00Z','2026-04-15T16:30:00Z',20,20,'LAD Training Centre, Dubai','English','closed'),
('mediation-advocacy-elevating-legal-practice-in#25','mediation-advocacy-elevating-legal-practice-in','2026-04-16T09:30:00Z','2026-04-16T11:30:00Z',30,30,'LAD Training Centre, Dubai','Arabic','closed'),
('consumer-protection-in-electronic-transactions#1','consumer-protection-in-electronic-transactions','2026-04-16T12:00:00Z','2026-04-16T14:00:00Z',30,30,'LAD Training Centre, Dubai','Arabic','closed'),
('immigration-law#2','immigration-law','2026-04-16T14:30:00Z','2026-04-16T16:30:00Z',20,20,'LAD Training Centre, Dubai','Arabic','closed'),
('mediation-advocacy-elevating-legal-practice-in#26','mediation-advocacy-elevating-legal-practice-in','2026-04-17T09:30:00Z','2026-04-17T11:30:00Z',30,30,'LAD Training Centre, Dubai','English','closed'),
('an-overview-of-financial-landscape-in-the-uae#0','an-overview-of-financial-landscape-in-the-uae','2026-04-17T12:00:00Z','2026-04-17T14:00:00Z',25,25,'LAD Training Centre, Dubai','English','closed'),
('mediation-advocacy-elevating-legal-practice-in#27','mediation-advocacy-elevating-legal-practice-in','2026-04-18T09:31:00Z','2026-04-18T11:31:00Z',35,35,'LAD Training Centre, Dubai','English','closed'),
('mediation-advocacy-elevating-legal-practice-in#28','mediation-advocacy-elevating-legal-practice-in','2026-04-18T09:30:00Z','2026-04-18T11:30:00Z',20,20,'LAD Training Centre, Dubai','Arabic','closed'),
('mediation-advocacy-elevating-legal-practice-in#29','mediation-advocacy-elevating-legal-practice-in','2026-04-21T09:30:00Z','2026-04-21T11:30:00Z',20,20,'LAD Training Centre, Dubai','English','closed'),
('mediation-advocacy-elevating-legal-practice-in#30','mediation-advocacy-elevating-legal-practice-in','2026-04-22T09:30:00Z','2026-04-22T11:30:00Z',40,40,'LAD Training Centre, Dubai','English','closed'),
('levaraging-linkedin#3','levaraging-linkedin','2026-04-22T09:30:00Z','2026-04-22T11:30:00Z',20,20,'Online · Webex','English','closed'),
('uae-bankruptcy-law-practice-and-trends-a-maste#2','uae-bankruptcy-law-practice-and-trends-a-maste','2026-04-22T14:30:00Z','2026-04-22T16:30:00Z',25,25,'LAD Training Centre, Dubai','English','closed'),
('mediation-advocacy-elevating-legal-practice-in#31','mediation-advocacy-elevating-legal-practice-in','2026-04-23T09:30:00Z','2026-04-23T11:30:00Z',30,30,'LAD Training Centre, Dubai','Arabic','closed'),
('mastering-your-linkedin-profile-build-a-powerf#2','mastering-your-linkedin-profile-build-a-powerf','2026-04-23T09:30:00Z','2026-04-23T11:30:00Z',30,30,'Online · Webex','English','closed'),
('internal-session-only-common-law-principles-of#0','internal-session-only-common-law-principles-of','2026-04-24T12:00:00Z','2026-04-24T14:00:00Z',40,40,'LAD Training Centre, Dubai','English','closed'),
('mediation-advocacy-elevating-legal-practice-in#32','mediation-advocacy-elevating-legal-practice-in','2026-04-25T09:30:00Z','2026-04-25T11:30:00Z',25,25,'LAD Training Centre, Dubai','English','closed'),
('mediation-advocacy-elevating-legal-practice-in#33','mediation-advocacy-elevating-legal-practice-in','2026-04-28T09:30:00Z','2026-04-28T11:30:00Z',15,15,'LAD Training Centre, Dubai','English','closed'),
('defamation-in-the-uae-what-we-all-need-to-know#4','defamation-in-the-uae-what-we-all-need-to-know','2026-04-28T12:00:00Z','2026-04-28T14:00:00Z',30,30,'LAD Training Centre, Dubai','English','closed'),
('mediation-advocacy-elevating-legal-practice-in#34','mediation-advocacy-elevating-legal-practice-in','2026-04-29T09:30:00Z','2026-04-29T11:30:00Z',40,40,'LAD Training Centre, Dubai','English','closed'),
('consumer-protection-in-electronic-transactions#2','consumer-protection-in-electronic-transactions','2026-04-29T12:00:00Z','2026-04-29T14:00:00Z',30,30,'LAD Training Centre, Dubai','English','closed'),
('immigration-law#3','immigration-law','2026-04-29T14:30:00Z','2026-04-29T16:30:00Z',30,30,'LAD Training Centre, Dubai','English','closed'),
('challenging-enforcing-the-arbitral-award#12','challenging-enforcing-the-arbitral-award','2026-04-30T09:30:00Z','2026-04-30T11:30:00Z',40,40,'LAD Training Centre, Dubai','English','closed'),
('challenging-enforcing-the-arbitral-award#13','challenging-enforcing-the-arbitral-award','2026-04-30T12:00:00Z','2026-04-30T14:00:00Z',35,35,'LAD Training Centre, Dubai','Arabic','closed'),
('mediation-advocacy-elevating-legal-practice-in#35','mediation-advocacy-elevating-legal-practice-in','2026-05-01T09:30:00Z','2026-05-01T11:30:00Z',30,30,'LAD Training Centre, Dubai','English','closed'),
('mediation-advocacy-elevating-legal-practice-in#36','mediation-advocacy-elevating-legal-practice-in','2026-05-01T14:00:00Z','2026-05-01T16:00:00Z',25,25,'LAD Training Centre, Dubai','English','closed'),
('mediation-advocacy-elevating-legal-practice-in#37','mediation-advocacy-elevating-legal-practice-in','2026-05-02T09:30:00Z','2026-05-02T11:30:00Z',20,20,'LAD Training Centre, Dubai','English','closed'),
('mediation-advocacy-elevating-legal-practice-in#38','mediation-advocacy-elevating-legal-practice-in','2026-05-05T09:30:00Z','2026-05-05T11:30:00Z',20,20,'LAD Training Centre, Dubai','English','closed'),
('mediation-advocacy-elevating-legal-practice-in#39','mediation-advocacy-elevating-legal-practice-in','2026-05-05T14:00:00Z','2026-05-05T16:00:00Z',25,25,'LAD Training Centre, Dubai','English','closed'),
('mediation-advocacy-elevating-legal-practice-in#40','mediation-advocacy-elevating-legal-practice-in','2026-05-06T09:30:00Z','2026-05-06T11:30:00Z',40,40,'LAD Training Centre, Dubai','English','closed'),
('liquidated-damages-in-the-uae#1','liquidated-damages-in-the-uae','2026-05-06T12:00:00Z','2026-05-06T16:00:00Z',35,35,'LAD Training Centre, Dubai','Arabic','closed'),
('mediation-advocacy-elevating-legal-practice-in#41','mediation-advocacy-elevating-legal-practice-in','2026-05-06T14:00:00Z','2026-05-06T16:00:00Z',30,30,'LAD Training Centre, Dubai','English','closed'),
('from-the-client-experience-to-the-client-commi-2#0','from-the-client-experience-to-the-client-commi-2','2026-05-08T09:30:00Z','2026-05-08T11:30:00Z',30,30,'LAD Training Centre, Dubai','English','closed'),
('competition-and-anti-dumping-laws-in-uae#0','competition-and-anti-dumping-laws-in-uae','2026-05-08T12:00:00Z','2026-05-08T14:00:00Z',30,30,'LAD Training Centre, Dubai','English','closed'),
('construction-law-arbitration#4','construction-law-arbitration','2026-05-12T10:00:00Z','2026-05-12T14:30:00Z',30,30,'Online · Webex','English','closed'),
('exploration-and-production-sharing-agreements-#2','exploration-and-production-sharing-agreements-','2026-05-13T12:00:00Z','2026-05-13T14:00:00Z',20,20,'LAD Training Centre, Dubai','English','closed'),
('common-law-principles-of-tort-in-a-commercial-#0','common-law-principles-of-tort-in-a-commercial-','2026-05-14T09:30:00Z','2026-05-14T11:30:00Z',25,25,'LAD Training Centre, Dubai','English','closed'),
('overview-of-financial-landscape-in-the-uae#6','overview-of-financial-landscape-in-the-uae','2026-05-14T12:00:00Z','2026-05-14T14:00:00Z',20,20,'LAD Training Centre, Dubai','English','closed'),
('challenging-enforcing-the-arbitral-award#14','challenging-enforcing-the-arbitral-award','2026-05-15T09:30:00Z','2026-05-15T11:30:00Z',25,25,'LAD Training Centre, Dubai','English','closed'),
('uae-bankruptcy-law-practice-and-trends-a-maste#3','uae-bankruptcy-law-practice-and-trends-a-maste','2026-05-15T14:30:00Z','2026-05-15T16:30:00Z',20,20,'LAD Training Centre, Dubai','English','closed'),
('personal-accountability-v-s-organizational-acc#1','personal-accountability-v-s-organizational-acc','2026-05-19T09:30:00Z','2026-05-19T11:30:00Z',30,30,'LAD Training Centre, Dubai','English','closed'),
('consumer-protection-in-electronic-transactions#3','consumer-protection-in-electronic-transactions','2026-05-19T09:30:00Z','2026-05-19T11:30:00Z',25,25,'LAD Training Centre, Dubai','English','closed'),
('immigration-law#4','immigration-law','2026-05-19T12:00:00Z','2026-05-19T14:00:00Z',20,20,'LAD Training Centre, Dubai','English','closed'),
('defamation-in-the-uae-what-we-all-need-to-know#5','defamation-in-the-uae-what-we-all-need-to-know','2026-05-19T12:00:00Z','2026-05-19T14:00:00Z',35,35,'LAD Training Centre, Dubai','Arabic','closed'),
('common-law-contract-principles#7','common-law-contract-principles','2026-05-20T09:30:00Z','2026-05-20T11:30:00Z',20,20,'LAD Training Centre, Dubai','English','closed'),
('attachment-in-the-uae-code-of-civil-procedure#1','attachment-in-the-uae-code-of-civil-procedure','2026-05-20T12:00:00Z','2026-05-20T16:00:00Z',40,40,'LAD Training Centre, Dubai','Arabic','closed'),
('mastering-your-linkedin-profile-build-a-powerf#3','mastering-your-linkedin-profile-build-a-powerf','2026-05-21T09:30:00Z','2026-05-21T11:30:00Z',20,20,'Online · Webex','English','closed'),
('pathological-arbitration-clauses-and-how-to-cu#1','pathological-arbitration-clauses-and-how-to-cu','2026-05-21T14:30:00Z','2026-05-21T16:30:00Z',20,20,'LAD Training Centre, Dubai','English','closed'),
('consumer-protection-in-electronic-transactions#4','consumer-protection-in-electronic-transactions','2026-05-22T09:30:00Z','2026-05-22T11:30:00Z',20,20,'LAD Training Centre, Dubai','Arabic','closed'),
('immigration-law#5','immigration-law','2026-05-22T12:00:00Z','2026-05-22T14:00:00Z',25,25,'LAD Training Centre, Dubai','Arabic','closed'),
('consumer-protection-in-electronic-transactions#5','consumer-protection-in-electronic-transactions','2026-05-27T09:30:00Z','2026-05-27T11:30:00Z',30,30,'LAD Training Centre, Dubai','English','closed'),
('immigration-law#6','immigration-law','2026-05-27T12:00:00Z','2026-05-27T14:00:00Z',15,15,'LAD Training Centre, Dubai','English','closed'),
('defamation-in-the-uae-what-we-all-need-to-know#6','defamation-in-the-uae-what-we-all-need-to-know','2026-05-28T09:30:00Z','2026-05-28T11:30:00Z',15,15,'LAD Training Centre, Dubai','English','closed'),
('mediation-advocacy-elevating-legal-practice-in#42','mediation-advocacy-elevating-legal-practice-in','2026-06-02T09:30:00Z','2026-06-02T11:30:00Z',20,20,'LAD Training Centre, Dubai','English','closed'),
('mediation-advocacy-elevating-legal-practice-in#43','mediation-advocacy-elevating-legal-practice-in','2026-06-02T14:00:00Z','2026-06-02T16:00:00Z',30,30,'LAD Training Centre, Dubai','English','closed'),
('mediation-advocacy-elevating-legal-practice-in#44','mediation-advocacy-elevating-legal-practice-in','2026-06-03T09:30:00Z','2026-06-03T11:30:00Z',25,25,'LAD Training Centre, Dubai','English','closed'),
('competition-and-anti-dumping-laws-in-uae#1','competition-and-anti-dumping-laws-in-uae','2026-06-03T12:00:00Z','2026-06-03T14:00:00Z',25,25,'LAD Training Centre, Dubai','English','closed'),
('mediation-advocacy-elevating-legal-practice-in#45','mediation-advocacy-elevating-legal-practice-in','2026-06-03T14:00:00Z','2026-06-03T16:00:00Z',25,25,'LAD Training Centre, Dubai','English','closed'),
('mediation-advocacy-elevating-legal-practice-in#46','mediation-advocacy-elevating-legal-practice-in','2026-06-04T09:30:00Z','2026-06-04T11:30:00Z',25,25,'LAD Training Centre, Dubai','English','closed'),
('mediation-advocacy-elevating-legal-practice-in#47','mediation-advocacy-elevating-legal-practice-in','2026-06-04T14:00:00Z','2026-06-04T16:00:00Z',25,25,'LAD Training Centre, Dubai','English','closed'),
('mediation-advocacy-elevating-legal-practice-in#48','mediation-advocacy-elevating-legal-practice-in','2026-06-09T09:30:00Z','2026-06-09T11:30:00Z',15,15,'LAD Training Centre, Dubai','English','closed'),
('from-the-client-experience-to-the-client-commi-2#1','from-the-client-experience-to-the-client-commi-2','2026-06-09T09:30:00Z','2026-06-09T11:30:00Z',30,30,'LAD Training Centre, Dubai','English','closed'),
('consumer-protection-in-electronic-transactions#6','consumer-protection-in-electronic-transactions','2026-06-09T09:30:00Z','2026-06-09T11:30:00Z',40,40,'LAD Training Centre, Dubai','English','closed'),
('immigration-law#7','immigration-law','2026-06-09T12:00:00Z','2026-06-09T14:00:00Z',30,30,'LAD Training Centre, Dubai','English','closed'),
('mediation-advocacy-elevating-legal-practice-in#49','mediation-advocacy-elevating-legal-practice-in','2026-06-09T14:00:00Z','2026-06-09T16:00:00Z',25,25,'LAD Training Centre, Dubai','English','closed'),
('mediation-advocacy-elevating-legal-practice-in#50','mediation-advocacy-elevating-legal-practice-in','2026-06-10T09:30:00Z','2026-06-10T11:30:00Z',40,40,'LAD Training Centre, Dubai','English','closed'),
('liquidated-damages-in-the-uae#2','liquidated-damages-in-the-uae','2026-06-10T13:00:00Z','2026-06-10T17:00:00Z',25,25,'LAD Training Centre, Dubai','Arabic','closed'),
('mediation-advocacy-elevating-legal-practice-in#51','mediation-advocacy-elevating-legal-practice-in','2026-06-10T14:00:00Z','2026-06-10T16:00:00Z',30,30,'LAD Training Centre, Dubai','English','closed'),
('mediation-advocacy-elevating-legal-practice-in#52','mediation-advocacy-elevating-legal-practice-in','2026-06-11T09:30:00Z','2026-06-11T11:30:00Z',25,25,'LAD Training Centre, Dubai','English','closed'),
('personal-accountability-v-s-organizational-acc#2','personal-accountability-v-s-organizational-acc','2026-06-11T09:30:00Z','2026-06-11T11:30:00Z',25,25,'LAD Training Centre, Dubai','English','closed'),
('mastering-your-linkedin-profile-build-a-powerf#4','mastering-your-linkedin-profile-build-a-powerf','2026-06-12T09:30:00Z','2026-06-12T11:30:00Z',35,35,'Online · Webex','English','closed'),
('defamation-in-the-uae-what-we-all-need-to-know#7','defamation-in-the-uae-what-we-all-need-to-know','2026-06-12T12:00:00Z','2026-06-12T14:00:00Z',15,15,'LAD Training Centre, Dubai','Arabic','closed'),
('defamation-in-the-uae-what-we-all-need-to-know#8','defamation-in-the-uae-what-we-all-need-to-know','2026-06-16T09:30:00Z','2026-06-16T11:30:00Z',30,30,'LAD Training Centre, Dubai','English','closed'),
('exploration-and-production-sharing-agreements-#3','exploration-and-production-sharing-agreements-','2026-06-16T12:00:00Z','2026-06-16T14:00:00Z',15,15,'LAD Training Centre, Dubai','English','closed'),
('consumer-protection-in-electronic-transactions#7','consumer-protection-in-electronic-transactions','2026-06-17T09:30:00Z','2026-06-17T11:30:00Z',40,40,'LAD Training Centre, Dubai','Arabic','closed'),
('immigration-law#8','immigration-law','2026-06-17T12:00:00Z','2026-06-17T14:00:00Z',35,35,'LAD Training Centre, Dubai','Arabic','closed'),
('overview-of-financial-landscape-in-the-uae#7','overview-of-financial-landscape-in-the-uae','2026-06-17T12:00:00Z','2026-06-17T14:00:00Z',40,40,'LAD Training Centre, Dubai','English','closed'),
('common-law-principles-of-tort-in-a-commercial-#1','common-law-principles-of-tort-in-a-commercial-','2026-06-19T09:30:00Z','2026-06-19T11:30:00Z',20,20,'LAD Training Centre, Dubai','English','open'),
('challenging-enforcing-the-arbitral-award#15','challenging-enforcing-the-arbitral-award','2026-06-19T09:30:00Z','2026-06-19T11:30:00Z',20,20,'LAD Training Centre, Dubai','English','open'),
('common-law-contract-principles#8','common-law-contract-principles','2026-06-23T09:30:00Z','2026-06-23T11:30:00Z',30,30,'LAD Training Centre, Dubai','English','open'),
('consumer-protection-in-electronic-transactions#8','consumer-protection-in-electronic-transactions','2026-06-23T09:30:00Z','2026-06-23T11:30:00Z',30,30,'LAD Training Centre, Dubai','English','open'),
('immigration-law#9','immigration-law','2026-06-23T12:00:00Z','2026-06-23T14:00:00Z',30,30,'LAD Training Centre, Dubai','English','open'),
('pathological-arbitration-clauses-and-how-to-cu#2','pathological-arbitration-clauses-and-how-to-cu','2026-06-23T14:30:00Z','2026-06-23T16:30:00Z',30,30,'LAD Training Centre, Dubai','English','open'),
('common-law-principles-of-tort-in-a-commercial-#2','common-law-principles-of-tort-in-a-commercial-','2026-06-24T09:30:00Z','2026-06-24T11:30:00Z',15,15,'LAD Training Centre, Dubai','English','open'),
('attachment-in-the-uae-code-of-civil-procedure#2','attachment-in-the-uae-code-of-civil-procedure','2026-06-24T12:00:00Z','2026-06-24T16:00:00Z',20,20,'LAD Training Centre, Dubai','Arabic','open'),
('uae-bankruptcy-law-practice-and-trends-a-maste#4','uae-bankruptcy-law-practice-and-trends-a-maste','2026-06-24T14:30:00Z','2026-06-24T16:30:00Z',25,25,'LAD Training Centre, Dubai','Arabic','open'),
('mediation-advocacy-elevating-legal-practice-in#53','mediation-advocacy-elevating-legal-practice-in','2026-06-30T09:30:00Z','2026-06-30T11:30:00Z',20,20,'LAD Training Centre, Dubai','English','open'),
('construction-law-arbitration#5','construction-law-arbitration','2026-06-30T10:00:00Z','2026-06-30T14:30:00Z',20,20,'Online · Webex','English','open'),
('uae-bankruptcy-law-practice-and-trends-a-maste#5','uae-bankruptcy-law-practice-and-trends-a-maste','2026-06-30T12:00:00Z','2026-06-30T14:00:00Z',40,40,'LAD Training Centre, Dubai','English','open'),
('mediation-advocacy-elevating-legal-practice-in#54','mediation-advocacy-elevating-legal-practice-in','2026-06-30T14:00:00Z','2026-06-30T16:00:00Z',30,30,'LAD Training Centre, Dubai','English','open'),
('mediation-advocacy-elevating-legal-practice-in#55','mediation-advocacy-elevating-legal-practice-in','2026-07-01T09:30:00Z','2026-07-01T11:30:00Z',35,35,'LAD Training Centre, Dubai','English','open'),
('overview-of-financial-landscape-in-the-uae#8','overview-of-financial-landscape-in-the-uae','2026-07-01T12:00:00Z','2026-07-01T14:00:00Z',40,40,'LAD Training Centre, Dubai','English','open'),
('mediation-advocacy-elevating-legal-practice-in#56','mediation-advocacy-elevating-legal-practice-in','2026-07-01T14:00:00Z','2026-07-01T16:00:00Z',30,30,'LAD Training Centre, Dubai','English','open'),
('defamation-in-the-uae-what-we-all-need-to-know#9','defamation-in-the-uae-what-we-all-need-to-know','2026-07-01T14:30:00Z','2026-07-01T16:30:00Z',20,20,'LAD Training Centre, Dubai','Arabic','open'),
('mediation-advocacy-elevating-legal-practice-in#57','mediation-advocacy-elevating-legal-practice-in','2026-07-02T09:30:00Z','2026-07-02T11:30:00Z',25,25,'LAD Training Centre, Dubai','English','open'),
('mediation-advocacy-elevating-legal-practice-in#58','mediation-advocacy-elevating-legal-practice-in','2026-07-02T14:00:00Z','2026-07-02T16:00:00Z',20,20,'LAD Training Centre, Dubai','English','open'),
('mediation-advocacy-elevating-legal-practice-in#59','mediation-advocacy-elevating-legal-practice-in','2026-07-03T09:30:00Z','2026-07-03T11:30:00Z',30,30,'LAD Training Centre, Dubai','English','open'),
('consumer-protection-in-electronic-transactions#9','consumer-protection-in-electronic-transactions','2026-07-03T09:30:00Z','2026-07-03T11:30:00Z',30,30,'LAD Training Centre, Dubai','English','open'),
('immigration-law#10','immigration-law','2026-07-03T12:00:00Z','2026-07-03T14:00:00Z',40,40,'LAD Training Centre, Dubai','English','open'),
('mediation-advocacy-elevating-legal-practice-in#60','mediation-advocacy-elevating-legal-practice-in','2026-07-03T14:00:00Z','2026-07-03T16:00:00Z',15,15,'LAD Training Centre, Dubai','English','open'),
('mediation-advocacy-elevating-legal-practice-in#61','mediation-advocacy-elevating-legal-practice-in','2026-07-04T09:30:00Z','2026-07-04T11:30:00Z',20,20,'LAD Training Centre, Dubai','English','open'),
('navigating-civil-and-commercial-court-cases#0','navigating-civil-and-commercial-court-cases','2026-07-07T09:30:00Z','2026-07-07T11:30:00Z',40,40,'LAD Training Centre, Dubai','English','open'),
('overview-of-the-competition-law-in-the-uae#0','overview-of-the-competition-law-in-the-uae','2026-07-07T12:00:00Z','2026-07-07T14:00:00Z',35,35,'LAD Training Centre, Dubai','English','open'),
('common-law-principles-of-tort-in-a-commercial-#3','common-law-principles-of-tort-in-a-commercial-','2026-07-08T09:30:00Z','2026-07-08T11:30:00Z',25,25,'LAD Training Centre, Dubai','English','open'),
('challenging-enforcing-the-arbitral-award#16','challenging-enforcing-the-arbitral-award','2026-07-08T09:30:00Z','2026-07-08T11:30:00Z',20,20,'LAD Training Centre, Dubai','English','open'),
('challenging-enforcing-the-arbitral-award#17','challenging-enforcing-the-arbitral-award','2026-07-08T12:00:00Z','2026-07-08T14:00:00Z',30,30,'LAD Training Centre, Dubai','Arabic','open'),
('uae-bankruptcy-law-practice-and-trends-a-maste#6','uae-bankruptcy-law-practice-and-trends-a-maste','2026-07-08T14:30:00Z','2026-07-08T16:30:00Z',25,25,'LAD Training Centre, Dubai','English','open'),
('from-the-client-experience-to-the-client-commi-2#2','from-the-client-experience-to-the-client-commi-2','2026-07-09T09:30:00Z','2026-07-09T11:30:00Z',25,25,'LAD Training Centre, Dubai','English','open'),
('consumer-protection-in-electronic-transactions#10','consumer-protection-in-electronic-transactions','2026-07-09T09:30:00Z','2026-07-09T11:30:00Z',20,20,'LAD Training Centre, Dubai','Arabic','open'),
('immigration-law#11','immigration-law','2026-07-09T12:00:00Z','2026-07-09T14:00:00Z',35,35,'LAD Training Centre, Dubai','Arabic','open'),
('personal-accountability-v-s-organizational-acc#3','personal-accountability-v-s-organizational-acc','2026-07-10T09:30:00Z','2026-07-10T11:30:00Z',15,15,'LAD Training Centre, Dubai','English','open'),
('consumer-protection-in-electronic-transactions#11','consumer-protection-in-electronic-transactions','2026-07-10T09:30:00Z','2026-07-10T11:30:00Z',30,30,'LAD Training Centre, Dubai','English','open'),
('exploration-and-production-sharing-agreements-#4','exploration-and-production-sharing-agreements-','2026-07-10T12:00:00Z','2026-07-10T14:00:00Z',25,25,'LAD Training Centre, Dubai','English','open'),
('overview-of-the-competition-law-in-the-uae#1','overview-of-the-competition-law-in-the-uae','2026-07-10T12:00:00Z','2026-07-10T14:00:00Z',25,25,'LAD Training Centre, Dubai','English','open'),
('mastering-your-linkedin-profile-build-a-powerf#5','mastering-your-linkedin-profile-build-a-powerf','2026-07-14T09:30:00Z','2026-07-14T11:30:00Z',15,15,'Online · Webex','English','open'),
('mediation-advocacy-elevating-legal-practice-in#62','mediation-advocacy-elevating-legal-practice-in','2026-07-14T09:30:00Z','2026-07-14T11:30:00Z',15,15,'LAD Training Centre, Dubai','Arabic','open'),
('mediation-advocacy-elevating-legal-practice-in#63','mediation-advocacy-elevating-legal-practice-in','2026-07-15T09:30:00Z','2026-07-15T11:30:00Z',15,15,'LAD Training Centre, Dubai','Arabic','open'),
('mediation-advocacy-elevating-legal-practice-in#64','mediation-advocacy-elevating-legal-practice-in','2026-07-17T09:30:00Z','2026-07-17T11:30:00Z',25,25,'LAD Training Centre, Dubai','Arabic','open'),
('navigating-civil-and-commercial-court-cases#1','navigating-civil-and-commercial-court-cases','2026-07-17T09:30:00Z','2026-07-17T11:30:00Z',25,25,'LAD Training Centre, Dubai','English','open'),
('mediation-advocacy-elevating-legal-practice-in#65','mediation-advocacy-elevating-legal-practice-in','2026-07-18T09:30:00Z','2026-07-18T11:30:00Z',30,30,'LAD Training Centre, Dubai','Arabic','open'),
('mediation-advocacy-elevating-legal-practice-in#66','mediation-advocacy-elevating-legal-practice-in','2026-07-21T09:30:00Z','2026-07-21T11:30:00Z',15,15,'LAD Training Centre, Dubai','English','open'),
('liquidated-damages-in-the-uae#3','liquidated-damages-in-the-uae','2026-07-21T12:00:00Z','2026-07-21T16:00:00Z',20,20,'LAD Training Centre, Dubai','Arabic','open'),
('mediation-advocacy-elevating-legal-practice-in#67','mediation-advocacy-elevating-legal-practice-in','2026-07-21T14:00:00Z','2026-07-21T16:00:00Z',30,30,'LAD Training Centre, Dubai','English','open'),
('mediation-advocacy-elevating-legal-practice-in#68','mediation-advocacy-elevating-legal-practice-in','2026-07-22T09:30:00Z','2026-07-22T11:30:00Z',40,40,'LAD Training Centre, Dubai','English','open'),
('mediation-advocacy-elevating-legal-practice-in#69','mediation-advocacy-elevating-legal-practice-in','2026-07-22T14:00:00Z','2026-07-22T16:00:00Z',30,30,'LAD Training Centre, Dubai','English','open'),
('mediation-advocacy-elevating-legal-practice-in#70','mediation-advocacy-elevating-legal-practice-in','2026-07-23T14:00:00Z','2026-07-23T16:00:00Z',30,30,'LAD Training Centre, Dubai','English','open'),
('mediation-advocacy-elevating-legal-practice-in#71','mediation-advocacy-elevating-legal-practice-in','2026-07-24T09:30:00Z','2026-07-24T11:30:00Z',20,20,'LAD Training Centre, Dubai','English','open'),
('mediation-advocacy-elevating-legal-practice-in#72','mediation-advocacy-elevating-legal-practice-in','2026-07-24T14:00:00Z','2026-07-24T16:00:00Z',20,20,'LAD Training Centre, Dubai','English','open'),
('mediation-advocacy-elevating-legal-practice-in#73','mediation-advocacy-elevating-legal-practice-in','2026-07-25T09:30:00Z','2026-07-25T11:30:00Z',20,20,'LAD Training Centre, Dubai','English','open'),
('overview-of-the-competition-law-in-the-uae#2','overview-of-the-competition-law-in-the-uae','2026-07-28T12:00:00Z','2026-07-28T14:00:00Z',25,25,'LAD Training Centre, Dubai','English','open'),
('attachment-in-the-uae-code-of-civil-procedure#3','attachment-in-the-uae-code-of-civil-procedure','2026-07-28T12:00:00Z','2026-07-28T16:00:00Z',25,25,'LAD Training Centre, Dubai','Arabic','open'),
('uae-bankruptcy-law-practice-and-trends-a-maste#7','uae-bankruptcy-law-practice-and-trends-a-maste','2026-07-28T14:30:00Z','2026-07-28T16:30:00Z',15,15,'LAD Training Centre, Dubai','Arabic','open'),
('commercial-contracts-under-civil-code#0','commercial-contracts-under-civil-code','2026-07-29T14:30:00Z','2026-07-29T16:30:00Z',35,35,'LAD Training Centre, Dubai','English','open'),
('overview-of-financial-landscape-in-the-uae#9','overview-of-financial-landscape-in-the-uae','2026-07-29T12:00:00Z','2026-07-29T14:00:00Z',35,35,'LAD Training Centre, Dubai','English','open'),
('defamation-in-the-uae-what-we-all-need-to-know#10','defamation-in-the-uae-what-we-all-need-to-know','2026-07-30T09:30:00Z','2026-07-30T11:30:00Z',35,35,'LAD Training Centre, Dubai','English','open'),
('uae-bankruptcy-law-practice-and-trends-a-maste#8','uae-bankruptcy-law-practice-and-trends-a-maste','2026-07-30T14:30:00Z','2026-07-30T16:30:00Z',20,20,'LAD Training Centre, Dubai','English','open'),
('from-the-client-experience-to-the-client-commi-2#3','from-the-client-experience-to-the-client-commi-2','2026-08-04T09:30:00Z','2026-08-04T11:30:00Z',25,25,'LAD Training Centre, Dubai','English','open'),
('mediation-advocacy-elevating-legal-practice-in#74','mediation-advocacy-elevating-legal-practice-in','2026-08-04T09:30:00Z','2026-08-04T11:30:00Z',25,25,'LAD Training Centre, Dubai','Arabic','open'),
('navigating-civil-and-commercial-court-cases#2','navigating-civil-and-commercial-court-cases','2026-08-04T09:30:00Z','2026-08-04T11:30:00Z',20,20,'LAD Training Centre, Dubai','English','open'),
('defamation-in-the-uae-what-we-all-need-to-know#11','defamation-in-the-uae-what-we-all-need-to-know','2026-08-04T12:00:00Z','2026-08-04T14:00:00Z',30,30,'LAD Training Centre, Dubai','English','open'),
('challenging-enforcing-the-arbitral-award#18','challenging-enforcing-the-arbitral-award','2026-08-05T09:30:00Z','2026-08-05T11:30:00Z',25,25,'LAD Training Centre, Dubai','English','open'),
('onshore-and-offshore-arbitration-framework-and#0','onshore-and-offshore-arbitration-framework-and','2026-08-05T12:00:00Z','2026-08-05T14:00:00Z',20,20,'LAD Training Centre, Dubai','English','open'),
('mediation-advocacy-elevating-legal-practice-in#75','mediation-advocacy-elevating-legal-practice-in','2026-08-06T09:30:00Z','2026-08-06T11:30:00Z',20,20,'LAD Training Centre, Dubai','Arabic','open'),
('uae-bankruptcy-law-practice-and-trends-a-maste#9','uae-bankruptcy-law-practice-and-trends-a-maste','2026-08-06T14:30:00Z','2026-08-06T16:30:00Z',25,25,'LAD Training Centre, Dubai','English','open'),
('mediation-advocacy-elevating-legal-practice-in#76','mediation-advocacy-elevating-legal-practice-in','2026-08-11T09:30:00Z','2026-08-11T11:30:00Z',25,25,'LAD Training Centre, Dubai','Arabic','open'),
('uae-bankruptcy-law-practice-and-trends-a-maste#10','uae-bankruptcy-law-practice-and-trends-a-maste','2026-08-11T14:30:00Z','2026-08-11T16:30:00Z',25,25,'LAD Training Centre, Dubai','English','open'),
('mediation-advocacy-elevating-legal-practice-in#77','mediation-advocacy-elevating-legal-practice-in','2026-08-13T09:30:00Z','2026-08-13T11:30:00Z',15,15,'LAD Training Centre, Dubai','Arabic','open'),
('overview-of-financial-landscape-in-the-uae#10','overview-of-financial-landscape-in-the-uae','2026-08-14T12:00:00Z','2026-08-14T14:00:00Z',30,30,'LAD Training Centre, Dubai','English','open'),
('mediation-advocacy-elevating-legal-practice-in#78','mediation-advocacy-elevating-legal-practice-in','2026-08-18T09:30:00Z','2026-08-18T11:30:00Z',40,40,'LAD Training Centre, Dubai','Arabic','open'),
('liquidated-damages-in-the-uae#4','liquidated-damages-in-the-uae','2026-08-18T12:00:00Z','2026-08-18T16:00:00Z',40,40,'LAD Training Centre, Dubai','Arabic','open'),
('mastering-your-linkedin-profile-build-a-powerf#6','mastering-your-linkedin-profile-build-a-powerf','2026-08-19T09:30:00Z','2026-08-19T11:30:00Z',20,20,'Online · Webex','English','open'),
('attachment-in-the-uae-code-of-civil-procedure#4','attachment-in-the-uae-code-of-civil-procedure','2026-08-19T12:00:00Z','2026-08-19T16:00:00Z',30,30,'LAD Training Centre, Dubai','Arabic','open'),
('defamation-in-the-uae-what-we-all-need-to-know#12','defamation-in-the-uae-what-we-all-need-to-know','2026-08-20T09:30:00Z','2026-08-20T11:30:00Z',25,25,'LAD Training Centre, Dubai','English','open'),
('mediation-advocacy-elevating-legal-practice-in#79','mediation-advocacy-elevating-legal-practice-in','2026-08-20T09:30:00Z','2026-08-20T11:30:00Z',25,25,'LAD Training Centre, Dubai','Arabic','open'),
('overview-of-the-competition-law-in-the-uae#3','overview-of-the-competition-law-in-the-uae','2026-08-20T12:00:00Z','2026-08-20T14:00:00Z',15,15,'LAD Training Centre, Dubai','English','open'),
('common-law-principles-of-tort-in-a-commercial-#4','common-law-principles-of-tort-in-a-commercial-','2026-08-21T09:30:00Z','2026-08-21T11:30:00Z',40,40,'LAD Training Centre, Dubai','English','open'),
('onshore-and-offshore-arbitration-framework-and#1','onshore-and-offshore-arbitration-framework-and','2026-08-21T12:00:00Z','2026-08-21T14:00:00Z',20,20,'LAD Training Centre, Dubai','English','open'),
('mediation-advocacy-elevating-legal-practice-in#80','mediation-advocacy-elevating-legal-practice-in','2026-08-25T09:30:00Z','2026-08-25T11:30:00Z',30,30,'LAD Training Centre, Dubai','English','open'),
('personal-accountability-v-s-organizational-acc#4','personal-accountability-v-s-organizational-acc','2026-08-25T09:30:00Z','2026-08-25T11:30:00Z',35,35,'LAD Training Centre, Dubai','English','open'),
('mediation-advocacy-elevating-legal-practice-in#81','mediation-advocacy-elevating-legal-practice-in','2026-08-25T14:00:00Z','2026-08-25T16:00:00Z',25,25,'LAD Training Centre, Dubai','English','open'),
('defamation-in-the-uae-what-we-all-need-to-know#13','defamation-in-the-uae-what-we-all-need-to-know','2026-08-25T14:30:00Z','2026-08-25T16:30:00Z',30,30,'LAD Training Centre, Dubai','Arabic','open'),
('mediation-advocacy-elevating-legal-practice-in#82','mediation-advocacy-elevating-legal-practice-in','2026-08-26T09:30:00Z','2026-08-26T11:30:00Z',15,15,'LAD Training Centre, Dubai','English','open'),
('consumer-protection-in-electronic-transactions#12','consumer-protection-in-electronic-transactions','2026-08-26T09:30:00Z','2026-08-26T11:30:00Z',15,15,'LAD Training Centre, Dubai','Arabic','open'),
('immigration-law#12','immigration-law','2026-08-26T12:00:00Z','2026-08-26T14:00:00Z',25,25,'LAD Training Centre, Dubai','Arabic','open'),
('mediation-advocacy-elevating-legal-practice-in#83','mediation-advocacy-elevating-legal-practice-in','2026-08-26T14:00:00Z','2026-08-26T16:00:00Z',20,20,'LAD Training Centre, Dubai','English','open'),
('consumer-protection-in-electronic-transactions#13','consumer-protection-in-electronic-transactions','2026-08-27T09:30:00Z','2026-08-27T11:30:00Z',15,15,'LAD Training Centre, Dubai','English','open'),
('immigration-law#13','immigration-law','2026-08-27T12:00:00Z','2026-08-27T14:00:00Z',25,25,'LAD Training Centre, Dubai','English','open'),
('mediation-advocacy-elevating-legal-practice-in#84','mediation-advocacy-elevating-legal-practice-in','2026-08-28T09:30:00Z','2026-08-28T11:30:00Z',30,30,'LAD Training Centre, Dubai','English','open'),
('common-law-principles-of-tort-in-a-commercial-#5','common-law-principles-of-tort-in-a-commercial-','2026-08-28T09:30:00Z','2026-08-28T11:30:00Z',20,20,'LAD Training Centre, Dubai','English','open'),
('exploration-and-production-sharing-agreements-#5','exploration-and-production-sharing-agreements-','2026-08-28T12:00:00Z','2026-08-28T14:00:00Z',25,25,'LAD Training Centre, Dubai','English','open'),
('commercial-contracts-under-civil-code#1','commercial-contracts-under-civil-code','2026-08-28T14:30:00Z','2026-08-28T16:30:00Z',25,25,'LAD Training Centre, Dubai','English','open'),
('mediation-advocacy-elevating-legal-practice-in#85','mediation-advocacy-elevating-legal-practice-in','2026-08-28T14:00:00Z','2026-08-28T16:00:00Z',15,15,'LAD Training Centre, Dubai','English','open'),
('uae-bankruptcy-law-practice-and-trends-a-maste#11','uae-bankruptcy-law-practice-and-trends-a-maste','2026-08-28T14:30:00Z','2026-08-28T16:30:00Z',20,20,'LAD Training Centre, Dubai','Arabic','open'),
('mediation-advocacy-elevating-legal-practice-in#86','mediation-advocacy-elevating-legal-practice-in','2026-08-29T09:30:00Z','2026-08-29T11:30:00Z',20,20,'LAD Training Centre, Dubai','English','open'),
('from-the-client-experience-to-the-client-commi-2#4','from-the-client-experience-to-the-client-commi-2','2026-09-02T09:30:00Z','2026-09-02T11:30:00Z',20,20,'LAD Training Centre, Dubai','English','open'),
('navigating-civil-and-commercial-court-cases#3','navigating-civil-and-commercial-court-cases','2026-09-02T09:30:00Z','2026-09-02T11:30:00Z',15,15,'LAD Training Centre, Dubai','English','open'),
('common-law-contract-principles#9','common-law-contract-principles','2026-09-03T09:30:00Z','2026-09-03T11:30:00Z',20,20,'LAD Training Centre, Dubai','English','open'),
('challenging-enforcing-the-arbitral-award#19','challenging-enforcing-the-arbitral-award','2026-09-04T09:30:00Z','2026-09-04T11:30:00Z',25,25,'LAD Training Centre, Dubai','English','open'),
('onshore-and-offshore-arbitration-framework-and#2','onshore-and-offshore-arbitration-framework-and','2026-09-04T12:00:00Z','2026-09-04T14:00:00Z',20,20,'LAD Training Centre, Dubai','English','open'),
('mediation-advocacy-elevating-legal-practice-in#87','mediation-advocacy-elevating-legal-practice-in','2026-09-08T09:30:00Z','2026-09-08T11:30:00Z',35,35,'LAD Training Centre, Dubai','English','open'),
('personal-accountability-v-s-organizational-acc#5','personal-accountability-v-s-organizational-acc','2026-09-08T09:30:00Z','2026-09-08T11:30:00Z',20,20,'LAD Training Centre, Dubai','English','open'),
('mediation-advocacy-elevating-legal-practice-in#88','mediation-advocacy-elevating-legal-practice-in','2026-09-09T09:30:00Z','2026-09-09T11:30:00Z',20,20,'LAD Training Centre, Dubai','English','open'),
('defamation-in-the-uae-what-we-all-need-to-know#14','defamation-in-the-uae-what-we-all-need-to-know','2026-09-09T09:30:00Z','2026-09-09T11:30:00Z',40,40,'LAD Training Centre, Dubai','English','open'),
('common-law-principles-of-tort-in-a-commercial-#6','common-law-principles-of-tort-in-a-commercial-','2026-09-10T09:30:00Z','2026-09-10T11:30:00Z',15,15,'LAD Training Centre, Dubai','English','open'),
('mediation-advocacy-elevating-legal-practice-in#89','mediation-advocacy-elevating-legal-practice-in','2026-09-11T09:30:00Z','2026-09-11T11:30:00Z',25,25,'LAD Training Centre, Dubai','English','open'),
('consumer-protection-in-electronic-transactions#14','consumer-protection-in-electronic-transactions','2026-09-11T09:30:00Z','2026-09-11T11:30:00Z',40,40,'LAD Training Centre, Dubai','English','open'),
('immigration-law#14','immigration-law','2026-09-11T12:00:00Z','2026-09-11T14:00:00Z',20,20,'LAD Training Centre, Dubai','English','open'),
('overview-of-the-competition-law-in-the-uae#4','overview-of-the-competition-law-in-the-uae','2026-09-11T14:30:00Z','2026-09-11T16:30:00Z',20,20,'LAD Training Centre, Dubai','English','open'),
('mediation-advocacy-elevating-legal-practice-in#90','mediation-advocacy-elevating-legal-practice-in','2026-09-12T09:30:00Z','2026-09-12T11:30:00Z',20,20,'LAD Training Centre, Dubai','English','open'),
('mastering-your-linkedin-profile-build-a-powerf#7','mastering-your-linkedin-profile-build-a-powerf','2026-09-15T09:30:00Z','2026-09-15T11:30:00Z',30,30,'Online · Webex','English','open'),
('mediation-advocacy-elevating-legal-practice-in#91','mediation-advocacy-elevating-legal-practice-in','2026-09-15T09:30:00Z','2026-09-15T11:30:00Z',25,25,'LAD Training Centre, Dubai','English','open'),
('liquidated-damages-in-the-uae#5','liquidated-damages-in-the-uae','2026-09-16T12:00:00Z','2026-09-16T16:00:00Z',30,30,'LAD Training Centre, Dubai','Arabic','open'),
('mediation-advocacy-elevating-legal-practice-in#92','mediation-advocacy-elevating-legal-practice-in','2026-09-17T09:30:00Z','2026-09-17T11:30:00Z',20,20,'LAD Training Centre, Dubai','English','open'),
('exploration-and-production-sharing-agreements-#6','exploration-and-production-sharing-agreements-','2026-09-17T12:00:00Z','2026-09-17T14:00:00Z',30,30,'LAD Training Centre, Dubai','English','open'),
('consumer-protection-in-electronic-transactions#15','consumer-protection-in-electronic-transactions','2026-09-18T09:30:00Z','2026-09-18T11:30:00Z',30,30,'LAD Training Centre, Dubai','Arabic','open'),
('immigration-law#15','immigration-law','2026-09-18T12:00:00Z','2026-09-18T14:00:00Z',35,35,'LAD Training Centre, Dubai','Arabic','open'),
('mediation-advocacy-elevating-legal-practice-in#93','mediation-advocacy-elevating-legal-practice-in','2026-09-22T09:30:00Z','2026-09-22T11:30:00Z',25,25,'LAD Training Centre, Dubai','Arabic','open'),
('attachment-in-the-uae-code-of-civil-procedure#5','attachment-in-the-uae-code-of-civil-procedure','2026-09-22T12:00:00Z','2026-09-22T16:00:00Z',20,20,'LAD Training Centre, Dubai','Arabic','open'),
('mediation-advocacy-elevating-legal-practice-in#94','mediation-advocacy-elevating-legal-practice-in','2026-09-23T09:30:00Z','2026-09-23T11:30:00Z',30,30,'LAD Training Centre, Dubai','Arabic','open'),
('overview-of-financial-landscape-in-the-uae#11','overview-of-financial-landscape-in-the-uae','2026-09-23T12:00:00Z','2026-09-23T14:00:00Z',40,40,'LAD Training Centre, Dubai','English','open'),
('commercial-contracts-under-civil-code#2','commercial-contracts-under-civil-code','2026-09-23T14:30:00Z','2026-09-23T16:30:00Z',25,25,'LAD Training Centre, Dubai','English','open'),
('onshore-and-offshore-arbitration-framework-and#3','onshore-and-offshore-arbitration-framework-and','2026-09-24T09:30:00Z','2026-09-24T11:30:00Z',25,25,'LAD Training Centre, Dubai','English','open'),
('onshore-and-offshore-arbitration-framework-and#4','onshore-and-offshore-arbitration-framework-and','2026-09-24T12:00:00Z','2026-09-24T14:00:00Z',25,25,'LAD Training Centre, Dubai','Arabic','open'),
('defamation-in-the-uae-what-we-all-need-to-know#15','defamation-in-the-uae-what-we-all-need-to-know','2026-09-24T14:30:00Z','2026-09-24T16:30:00Z',40,40,'LAD Training Centre, Dubai','Arabic','open'),
('mediation-advocacy-elevating-legal-practice-in#95','mediation-advocacy-elevating-legal-practice-in','2026-09-25T09:30:00Z','2026-09-25T11:30:00Z',25,25,'LAD Training Centre, Dubai','Arabic','open'),
('uae-bankruptcy-law-practice-and-trends-a-maste#12','uae-bankruptcy-law-practice-and-trends-a-maste','2026-09-25T14:30:00Z','2026-09-25T16:30:00Z',25,25,'LAD Training Centre, Dubai','English','open'),
('mediation-advocacy-elevating-legal-practice-in#96','mediation-advocacy-elevating-legal-practice-in','2026-09-26T09:30:00Z','2026-09-26T11:30:00Z',30,30,'LAD Training Centre, Dubai','Arabic','open'),
('consumer-protection-in-electronic-transactions#16','consumer-protection-in-electronic-transactions','2026-09-26T09:30:00Z','2026-09-26T11:30:00Z',20,20,'LAD Training Centre, Dubai','English','open'),
('onshore-and-offshore-arbitration-framework-and-2#0','onshore-and-offshore-arbitration-framework-and-2','2026-09-26T12:00:00Z','2026-09-26T14:00:00Z',35,35,'LAD Training Centre, Dubai','English','open'),
('mediation-advocacy-elevating-legal-practice-in#97','mediation-advocacy-elevating-legal-practice-in','2026-09-26T14:30:00Z','2026-09-26T16:30:00Z',30,30,'LAD Training Centre, Dubai','English','open'),
('common-law-principles-of-tort-in-a-commercial-#7','common-law-principles-of-tort-in-a-commercial-','2026-09-29T09:30:00Z','2026-09-29T11:30:00Z',30,30,'LAD Training Centre, Dubai','English','open'),
('defamation-in-the-uae-what-we-all-need-to-know#16','defamation-in-the-uae-what-we-all-need-to-know','2026-09-29T09:30:00Z','2026-09-29T11:30:00Z',15,15,'LAD Training Centre, Dubai','English','open'),
('mediation-advocacy-elevating-legal-practice-in#98','mediation-advocacy-elevating-legal-practice-in','2026-09-29T09:30:00Z','2026-09-29T11:30:00Z',20,20,'LAD Training Centre, Dubai','English','open'),
('consumer-protection-in-electronic-transactions#17','consumer-protection-in-electronic-transactions','2026-09-30T09:30:00Z','2026-09-30T11:30:00Z',20,20,'LAD Training Centre, Dubai','English','open'),
('mediation-advocacy-elevating-legal-practice-in#99','mediation-advocacy-elevating-legal-practice-in','2026-09-30T09:30:00Z','2026-09-30T11:30:00Z',20,20,'LAD Training Centre, Dubai','English','open'),
('navigating-civil-and-commercial-court-cases#4','navigating-civil-and-commercial-court-cases','2026-09-30T09:30:00Z','2026-09-30T11:30:00Z',25,25,'LAD Training Centre, Dubai','English','open'),
('immigration-law#16','immigration-law','2026-09-30T12:00:00Z','2026-09-30T14:00:00Z',15,15,'LAD Training Centre, Dubai','English','open'),
('overview-of-the-competition-law-in-the-uae#5','overview-of-the-competition-law-in-the-uae','2026-09-30T12:00:00Z','2026-09-30T14:00:00Z',30,30,'LAD Training Centre, Dubai','English','open'),
('uae-bankruptcy-law-practice-and-trends-a-maste#13','uae-bankruptcy-law-practice-and-trends-a-maste','2026-09-30T14:30:00Z','2026-09-30T16:30:00Z',25,25,'LAD Training Centre, Dubai','Arabic','open'),
('from-the-client-experience-to-the-client-commi-2#5','from-the-client-experience-to-the-client-commi-2','2026-10-01T09:30:00Z','2026-10-01T11:30:00Z',20,20,'LAD Training Centre, Dubai','English','open'),
('mediation-advocacy-elevating-legal-practice-in#100','mediation-advocacy-elevating-legal-practice-in','2026-10-01T09:30:00Z','2026-10-01T11:30:00Z',40,40,'LAD Training Centre, Dubai','English','open'),
('navigating-civil-and-commercial-court-cases#5','navigating-civil-and-commercial-court-cases','2026-10-01T09:30:00Z','2026-10-01T11:30:00Z',25,25,'LAD Training Centre, Dubai','English','open'),
('challenging-enforcing-the-arbitral-award#20','challenging-enforcing-the-arbitral-award','2026-10-01T12:00:00Z','2026-10-01T14:00:00Z',35,35,'LAD Training Centre, Dubai','English','open'),
('onshore-and-offshore-arbitration-framework-and#5','onshore-and-offshore-arbitration-framework-and','2026-10-01T14:30:00Z','2026-10-01T16:30:00Z',40,40,'LAD Training Centre, Dubai','English','open'),
('uae-bankruptcy-law-practice-and-trends-a-maste#14','uae-bankruptcy-law-practice-and-trends-a-maste','2026-10-01T14:30:00Z','2026-10-01T16:30:00Z',30,30,'LAD Training Centre, Dubai','English','open'),
('defamation-in-the-uae-what-we-all-need-to-know#17','defamation-in-the-uae-what-we-all-need-to-know','2026-10-02T09:30:00Z','2026-10-02T11:30:00Z',35,35,'LAD Training Centre, Dubai','English','open'),
('mediation-advocacy-elevating-legal-practice-in#101','mediation-advocacy-elevating-legal-practice-in','2026-10-02T09:30:00Z','2026-10-02T11:30:00Z',20,20,'LAD Training Centre, Dubai','English','open'),
('exploration-and-production-sharing-agreements-#7','exploration-and-production-sharing-agreements-','2026-10-02T12:00:00Z','2026-10-02T14:00:00Z',30,30,'LAD Training Centre, Dubai','English','open'),
('mediation-advocacy-elevating-legal-practice-in#102','mediation-advocacy-elevating-legal-practice-in','2026-10-03T09:30:00Z','2026-10-03T11:30:00Z',30,30,'LAD Training Centre, Dubai','English','open'),
('personal-accountability-v-s-organizational-acc#6','personal-accountability-v-s-organizational-acc','2026-10-06T09:30:00Z','2026-10-06T11:30:00Z',35,35,'LAD Training Centre, Dubai','English','open'),
('mediation-advocacy-elevating-legal-practice-in#103','mediation-advocacy-elevating-legal-practice-in','2026-10-06T09:30:00Z','2026-10-06T11:30:00Z',20,20,'LAD Training Centre, Dubai','English','open'),
('mediation-advocacy-elevating-legal-practice-in#104','mediation-advocacy-elevating-legal-practice-in','2026-10-06T14:30:00Z','2026-10-06T16:30:00Z',20,20,'LAD Training Centre, Dubai','English','open'),
('mediation-advocacy-elevating-legal-practice-in#105','mediation-advocacy-elevating-legal-practice-in','2026-10-07T09:30:00Z','2026-10-07T11:30:00Z',30,30,'LAD Training Centre, Dubai','English','open'),
('overview-of-the-competition-law-in-the-uae#6','overview-of-the-competition-law-in-the-uae','2026-10-07T14:30:00Z','2026-10-07T16:30:00Z',20,20,'LAD Training Centre, Dubai','English','open'),
('mediation-advocacy-elevating-legal-practice-in#106','mediation-advocacy-elevating-legal-practice-in','2026-10-07T14:30:00Z','2026-10-07T16:30:00Z',20,20,'LAD Training Centre, Dubai','English','open'),
('consumer-protection-in-electronic-transactions#18','consumer-protection-in-electronic-transactions','2026-10-08T09:30:00Z','2026-10-08T11:30:00Z',30,30,'LAD Training Centre, Dubai','Arabic','open'),
('mediation-advocacy-elevating-legal-practice-in#107','mediation-advocacy-elevating-legal-practice-in','2026-10-08T09:30:00Z','2026-10-08T11:30:00Z',20,20,'LAD Training Centre, Dubai','English','open'),
('construction-law-arbitration#6','construction-law-arbitration','2026-10-08T10:00:00Z','2026-10-08T14:30:00Z',15,15,'Online · Webex','English','open'),
('immigration-law#17','immigration-law','2026-10-08T12:00:00Z','2026-10-08T14:00:00Z',15,15,'LAD Training Centre, Dubai','Arabic','open'),
('consumer-protection-in-electronic-transactions#19','consumer-protection-in-electronic-transactions','2026-10-08T14:30:00Z','2026-10-08T16:30:00Z',25,25,'LAD Training Centre, Dubai','English','open'),
('mediation-advocacy-elevating-legal-practice-in#108','mediation-advocacy-elevating-legal-practice-in','2026-10-08T14:30:00Z','2026-10-08T16:30:00Z',20,20,'LAD Training Centre, Dubai','English','open'),
('common-law-principles-of-tort-in-a-commercial-#8','common-law-principles-of-tort-in-a-commercial-','2026-10-09T09:30:00Z','2026-10-09T11:30:00Z',25,25,'LAD Training Centre, Dubai','English','open'),
('mediation-advocacy-elevating-legal-practice-in#109','mediation-advocacy-elevating-legal-practice-in','2026-10-09T09:30:00Z','2026-10-09T11:30:00Z',25,25,'LAD Training Centre, Dubai','English','open'),
('overview-of-financial-landscape-in-the-uae#12','overview-of-financial-landscape-in-the-uae','2026-10-09T12:00:00Z','2026-10-09T14:00:00Z',30,30,'LAD Training Centre, Dubai','English','open'),
('mediation-advocacy-elevating-legal-practice-in#110','mediation-advocacy-elevating-legal-practice-in','2026-10-09T14:30:00Z','2026-10-09T16:30:00Z',20,20,'LAD Training Centre, Dubai','English','open'),
('mediation-advocacy-elevating-legal-practice-in#111','mediation-advocacy-elevating-legal-practice-in','2026-10-10T09:30:00Z','2026-10-10T11:30:00Z',15,15,'LAD Training Centre, Dubai','English','open'),
('mediation-advocacy-elevating-legal-practice-in#112','mediation-advocacy-elevating-legal-practice-in','2026-10-13T09:30:00Z','2026-10-13T11:30:00Z',35,35,'LAD Training Centre, Dubai','English','open'),
('liquidated-damages-in-the-uae#6','liquidated-damages-in-the-uae','2026-10-13T12:00:00Z','2026-10-13T16:00:00Z',40,40,'LAD Training Centre, Dubai','Arabic','open'),
('mediation-advocacy-elevating-legal-practice-in#113','mediation-advocacy-elevating-legal-practice-in','2026-10-13T14:30:00Z','2026-10-13T16:30:00Z',20,20,'LAD Training Centre, Dubai','English','open'),
('mediation-advocacy-elevating-legal-practice-in#114','mediation-advocacy-elevating-legal-practice-in','2026-10-14T09:30:00Z','2026-10-14T11:30:00Z',25,25,'LAD Training Centre, Dubai','English','open'),
('mediation-advocacy-elevating-legal-practice-in#115','mediation-advocacy-elevating-legal-practice-in','2026-10-14T14:30:00Z','2026-10-14T16:30:00Z',15,15,'LAD Training Centre, Dubai','English','open'),
('mastering-your-linkedin-profile-build-a-powerf#8','mastering-your-linkedin-profile-build-a-powerf','2026-10-15T09:30:00Z','2026-10-15T11:30:00Z',30,30,'Online · Webex','English','open'),
('consumer-protection-in-electronic-transactions#20','consumer-protection-in-electronic-transactions','2026-10-15T09:30:00Z','2026-10-15T11:30:00Z',20,20,'LAD Training Centre, Dubai','English','open'),
('immigration-law#18','immigration-law','2026-10-15T12:00:00Z','2026-10-15T14:00:00Z',40,40,'LAD Training Centre, Dubai','English','open'),
('defamation-in-the-uae-what-we-all-need-to-know#18','defamation-in-the-uae-what-we-all-need-to-know','2026-10-15T14:30:00Z','2026-10-15T16:30:00Z',40,40,'LAD Training Centre, Dubai','Arabic','open'),
('common-law-contract-principles#10','common-law-contract-principles','2026-10-16T09:30:00Z','2026-10-16T11:30:00Z',30,30,'LAD Training Centre, Dubai','English','open'),
('navigating-civil-and-commercial-court-cases#6','navigating-civil-and-commercial-court-cases','2026-10-16T09:30:00Z','2026-10-16T11:30:00Z',30,30,'LAD Training Centre, Dubai','English','open'),
('attachment-in-the-uae-code-of-civil-procedure#6','attachment-in-the-uae-code-of-civil-procedure','2026-10-16T12:00:00Z','2026-10-16T16:00:00Z',40,40,'LAD Training Centre, Dubai','Arabic','open'),
('onshore-and-offshore-arbitration-framework-and#6','onshore-and-offshore-arbitration-framework-and','2026-10-20T09:30:00Z','2026-10-20T11:30:00Z',25,25,'LAD Training Centre, Dubai','English','open'),
('mediation-advocacy-elevating-legal-practice-in#116','mediation-advocacy-elevating-legal-practice-in','2026-10-20T09:30:00Z','2026-10-20T11:30:00Z',25,25,'LAD Training Centre, Dubai','Arabic','open'),
('onshore-and-offshore-arbitration-framework-and#7','onshore-and-offshore-arbitration-framework-and','2026-10-20T12:00:00Z','2026-10-20T14:00:00Z',20,20,'LAD Training Centre, Dubai','Arabic','open'),
('mediation-advocacy-elevating-legal-practice-in#117','mediation-advocacy-elevating-legal-practice-in','2026-10-21T09:30:00Z','2026-10-21T11:30:00Z',20,20,'LAD Training Centre, Dubai','Arabic','open'),
('uae-bankruptcy-law-practice-and-trends-a-maste#15','uae-bankruptcy-law-practice-and-trends-a-maste','2026-10-21T14:30:00Z','2026-10-21T16:30:00Z',35,35,'LAD Training Centre, Dubai','Arabic','open'),
('mediation-advocacy-elevating-legal-practice-in#118','mediation-advocacy-elevating-legal-practice-in','2026-10-22T09:30:00Z','2026-10-22T11:30:00Z',20,20,'LAD Training Centre, Dubai','Arabic','open'),
('immigration-law#19','immigration-law','2026-10-22T09:30:00Z','2026-10-22T11:30:00Z',15,15,'LAD Training Centre, Dubai','English','open'),
('consumer-protection-in-electronic-transactions#21','consumer-protection-in-electronic-transactions','2026-10-22T12:00:00Z','2026-10-22T14:00:00Z',40,40,'LAD Training Centre, Dubai','Arabic','open'),
('immigration-law#20','immigration-law','2026-10-22T14:30:00Z','2026-10-22T16:30:00Z',25,25,'LAD Training Centre, Dubai','Arabic','open'),
('mediation-advocacy-elevating-legal-practice-in#119','mediation-advocacy-elevating-legal-practice-in','2026-10-23T09:30:00Z','2026-10-23T11:30:00Z',20,20,'LAD Training Centre, Dubai','Arabic','open'),
('exploration-and-production-sharing-agreements-#8','exploration-and-production-sharing-agreements-','2026-10-23T12:00:00Z','2026-10-23T14:00:00Z',20,20,'LAD Training Centre, Dubai','English','open'),
('commercial-contracts-under-civil-code#3','commercial-contracts-under-civil-code','2026-10-23T14:30:00Z','2026-10-23T16:30:00Z',25,25,'LAD Training Centre, Dubai','English','open'),
('mediation-advocacy-elevating-legal-practice-in#120','mediation-advocacy-elevating-legal-practice-in','2026-10-24T09:30:00Z','2026-10-24T11:30:00Z',30,30,'LAD Training Centre, Dubai','Arabic','open'),
('common-law-principles-of-tort-in-a-commercial-#9','common-law-principles-of-tort-in-a-commercial-','2026-10-27T09:30:00Z','2026-10-27T11:30:00Z',20,20,'LAD Training Centre, Dubai','English','open'),
('mediation-advocacy-elevating-legal-practice-in#121','mediation-advocacy-elevating-legal-practice-in','2026-10-27T09:30:00Z','2026-10-27T11:30:00Z',40,40,'LAD Training Centre, Dubai','English','open'),
('liquidated-damages-in-the-uae#7','liquidated-damages-in-the-uae','2026-10-27T12:00:00Z','2026-10-27T16:00:00Z',30,30,'LAD Training Centre, Dubai','Arabic','open'),
('mediation-advocacy-elevating-legal-practice-in#122','mediation-advocacy-elevating-legal-practice-in','2026-10-27T14:30:00Z','2026-10-27T16:30:00Z',20,20,'LAD Training Centre, Dubai','English','open'),
('an-overview-of-financial-landscape-in-the-uae-2#0','an-overview-of-financial-landscape-in-the-uae-2','2026-10-27T14:30:00Z','2026-10-27T16:30:00Z',30,30,'LAD Training Centre, Dubai','Arabic','open'),
('defamation-in-the-uae-what-we-all-need-to-know#19','defamation-in-the-uae-what-we-all-need-to-know','2026-10-28T09:30:00Z','2026-10-28T11:30:00Z',35,35,'LAD Training Centre, Dubai','English','open'),
('mediation-advocacy-elevating-legal-practice-in#123','mediation-advocacy-elevating-legal-practice-in','2026-10-28T09:30:00Z','2026-10-28T11:30:00Z',20,20,'LAD Training Centre, Dubai','English','open'),
('mediation-advocacy-elevating-legal-practice-in#124','mediation-advocacy-elevating-legal-practice-in','2026-10-28T14:30:00Z','2026-10-28T16:30:00Z',25,25,'LAD Training Centre, Dubai','English','open'),
('uae-bankruptcy-law-practice-and-trends-a-maste#16','uae-bankruptcy-law-practice-and-trends-a-maste','2026-10-28T14:30:00Z','2026-10-28T16:30:00Z',25,25,'LAD Training Centre, Dubai','English','open'),
('consumer-protection-in-electronic-transactions#22','consumer-protection-in-electronic-transactions','2026-10-29T09:30:00Z','2026-10-29T11:30:00Z',20,20,'LAD Training Centre, Dubai','English','open'),
('mediation-advocacy-elevating-legal-practice-in#125','mediation-advocacy-elevating-legal-practice-in','2026-10-29T09:30:00Z','2026-10-29T11:30:00Z',25,25,'LAD Training Centre, Dubai','English','open'),
('consumer-protection-in-electronic-transactions#23','consumer-protection-in-electronic-transactions','2026-10-29T12:00:00Z','2026-10-29T14:00:00Z',15,15,'LAD Training Centre, Dubai','Arabic','open'),
('mediation-advocacy-elevating-legal-practice-in#126','mediation-advocacy-elevating-legal-practice-in','2026-10-29T14:30:00Z','2026-10-29T16:30:00Z',30,30,'LAD Training Centre, Dubai','English','open'),
('immigration-law#21','immigration-law','2026-10-29T14:30:00Z','2026-10-29T16:30:00Z',15,15,'LAD Training Centre, Dubai','Arabic','open'),
('attachment-in-the-uae-code-of-civil-procedure#7','attachment-in-the-uae-code-of-civil-procedure','2026-10-30T12:00:00Z','2026-10-30T16:00:00Z',20,20,'LAD Training Centre, Dubai','Arabic','open'),
('overview-of-financial-landscape-in-the-uae#13','overview-of-financial-landscape-in-the-uae','2026-10-30T14:30:00Z','2026-10-30T16:30:00Z',25,25,'LAD Training Centre, Dubai','English','open'),
('mastering-your-linkedin-profile-build-a-powerf#9','mastering-your-linkedin-profile-build-a-powerf','2026-11-03T09:30:00Z','2026-11-03T11:30:00Z',20,20,'Online · Webex','English','open'),
('common-law-principles-of-tort-in-a-commercial-#10','common-law-principles-of-tort-in-a-commercial-','2026-11-03T09:30:00Z','2026-11-03T11:30:00Z',20,20,'LAD Training Centre, Dubai','English','open'),
('mediation-advocacy-elevating-legal-practice-in#127','mediation-advocacy-elevating-legal-practice-in','2026-11-04T09:30:00Z','2026-11-04T11:30:00Z',20,20,'LAD Training Centre, Dubai','Arabic','open');

INSERT OR IGNORE INTO course_sessions (id, course_id, scheduled_at, end_at, capacity, seats_remaining, venue, language, status) VALUES
('navigating-civil-and-commercial-court-cases#7','navigating-civil-and-commercial-court-cases','2026-11-04T09:30:00Z','2026-11-04T11:30:00Z',30,30,'LAD Training Centre, Dubai','English','open'),
('consumer-protection-in-electronic-transactions#24','consumer-protection-in-electronic-transactions','2026-11-04T12:00:00Z','2026-11-04T14:00:00Z',35,35,'LAD Training Centre, Dubai','Arabic','open'),
('immigration-law#22','immigration-law','2026-11-04T14:30:00Z','2026-11-04T16:30:00Z',30,30,'LAD Training Centre, Dubai','Arabic','open'),
('uae-bankruptcy-law-practice-and-trends-a-maste#17','uae-bankruptcy-law-practice-and-trends-a-maste','2026-11-05T14:30:00Z','2026-11-05T16:30:00Z',35,35,'LAD Training Centre, Dubai','English','open'),
('liquidated-damages-in-the-uae#8','liquidated-damages-in-the-uae','2026-11-05T12:00:00Z','2026-11-05T16:00:00Z',40,40,'LAD Training Centre, Dubai','Arabic','open'),
('mediation-advocacy-elevating-legal-practice-in#128','mediation-advocacy-elevating-legal-practice-in','2026-11-06T09:30:00Z','2026-11-06T11:30:00Z',20,20,'LAD Training Centre, Dubai','Arabic','open'),
('onshore-and-offshore-arbitration-framework-and#8','onshore-and-offshore-arbitration-framework-and','2026-11-06T12:00:00Z','2026-11-06T14:00:00Z',25,25,'LAD Training Centre, Dubai','Arabic','open'),
('onshore-and-offshore-arbitration-framework-and#9','onshore-and-offshore-arbitration-framework-and','2026-11-06T14:30:00Z','2026-11-06T16:30:00Z',25,25,'LAD Training Centre, Dubai','English','open'),
('defamation-in-the-uae-what-we-all-need-to-know#20','defamation-in-the-uae-what-we-all-need-to-know','2026-11-10T09:30:00Z','2026-11-10T11:30:00Z',20,20,'LAD Training Centre, Dubai','English','open'),
('mediation-advocacy-elevating-legal-practice-in#129','mediation-advocacy-elevating-legal-practice-in','2026-11-10T09:30:00Z','2026-11-10T11:30:00Z',30,30,'LAD Training Centre, Dubai','Arabic','open'),
('overview-of-financial-landscape-in-the-uae#14','overview-of-financial-landscape-in-the-uae','2026-11-10T14:30:00Z','2026-11-10T16:30:00Z',25,25,'LAD Training Centre, Dubai','English','open'),
('attachment-in-the-uae-code-of-civil-procedure#8','attachment-in-the-uae-code-of-civil-procedure','2026-11-11T12:00:00Z','2026-11-11T16:00:00Z',15,15,'LAD Training Centre, Dubai','Arabic','open'),
('mediation-advocacy-elevating-legal-practice-in#130','mediation-advocacy-elevating-legal-practice-in','2026-11-12T09:30:00Z','2026-11-12T11:30:00Z',40,40,'LAD Training Centre, Dubai','Arabic','open'),
('mediation-advocacy-elevating-legal-practice-in#131','mediation-advocacy-elevating-legal-practice-in','2026-11-12T09:30:00Z','2026-11-12T11:30:00Z',20,20,'LAD Training Centre, Dubai','English','open'),
('consumer-protection-in-electronic-transactions#25','consumer-protection-in-electronic-transactions','2026-11-12T09:30:00Z','2026-11-12T11:30:00Z',30,30,'LAD Training Centre, Dubai','English','open'),
('consumer-protection-in-electronic-transactions#26','consumer-protection-in-electronic-transactions','2026-11-12T12:00:00Z','2026-11-12T14:00:00Z',25,25,'LAD Training Centre, Dubai','Arabic','open'),
('immigration-law#23','immigration-law','2026-11-12T14:30:00Z','2026-11-12T16:30:00Z',25,25,'LAD Training Centre, Dubai','Arabic','open'),
('mediation-advocacy-elevating-legal-practice-in#132','mediation-advocacy-elevating-legal-practice-in','2026-11-12T14:30:00Z','2026-11-12T16:30:00Z',35,35,'LAD Training Centre, Dubai','English','open'),
('mediation-advocacy-elevating-legal-practice-in#133','mediation-advocacy-elevating-legal-practice-in','2026-11-13T09:30:00Z','2026-11-13T11:30:00Z',35,35,'LAD Training Centre, Dubai','English','open'),
('mediation-advocacy-elevating-legal-practice-in#134','mediation-advocacy-elevating-legal-practice-in','2026-11-13T14:30:00Z','2026-11-13T16:30:00Z',25,25,'LAD Training Centre, Dubai','English','open'),
('mediation-advocacy-elevating-legal-practice-in#135','mediation-advocacy-elevating-legal-practice-in','2026-11-14T09:30:00Z','2026-11-14T11:30:00Z',40,40,'LAD Training Centre, Dubai','English','open'),
('common-law-contract-principles#11','common-law-contract-principles','2026-11-17T09:30:00Z','2026-11-17T11:30:00Z',25,25,'LAD Training Centre, Dubai','English','open'),
('onshore-and-offshore-arbitration-framework-and#10','onshore-and-offshore-arbitration-framework-and','2026-11-17T09:30:00Z','2026-11-17T11:30:00Z',20,20,'LAD Training Centre, Dubai','English','open'),
('challenging-enforcing-the-arbitral-award#21','challenging-enforcing-the-arbitral-award','2026-11-17T12:00:00Z','2026-11-17T14:00:00Z',35,35,'LAD Training Centre, Dubai','English','open'),
('consumer-protection-in-electronic-transactions#27','consumer-protection-in-electronic-transactions','2026-11-17T12:00:00Z','2026-11-17T14:00:00Z',25,25,'LAD Training Centre, Dubai','English','open'),
('immigration-law#24','immigration-law','2026-11-17T14:30:00Z','2026-11-17T16:30:00Z',25,25,'LAD Training Centre, Dubai','English','open'),
('uae-bankruptcy-law-practice-and-trends-a-maste#18','uae-bankruptcy-law-practice-and-trends-a-maste','2026-11-17T14:30:00Z','2026-11-17T16:30:00Z',20,20,'LAD Training Centre, Dubai','English','open'),
('mediation-advocacy-elevating-legal-practice-in#136','mediation-advocacy-elevating-legal-practice-in','2026-11-18T09:30:00Z','2026-11-18T11:30:00Z',25,25,'LAD Training Centre, Dubai','English','open'),
('construction-law-arbitration#7','construction-law-arbitration','2026-11-18T10:00:00Z','2026-11-18T14:30:00Z',15,15,'Online · Webex','English','open'),
('uae-bankruptcy-law-practice-and-trends-a-maste#19','uae-bankruptcy-law-practice-and-trends-a-maste','2026-11-18T14:30:00Z','2026-11-18T16:30:00Z',25,25,'LAD Training Centre, Dubai','Arabic','open'),
('attachment-in-the-uae-code-of-civil-procedure#9','attachment-in-the-uae-code-of-civil-procedure','2026-11-19T12:00:00Z','2026-11-19T16:00:00Z',25,25,'LAD Training Centre, Dubai','Arabic','open'),
('navigating-civil-and-commercial-court-cases#8','navigating-civil-and-commercial-court-cases','2026-11-20T09:30:00Z','2026-11-20T11:30:00Z',15,15,'LAD Training Centre, Dubai','English','open'),
('an-overview-of-financial-landscape-in-the-uae-2#1','an-overview-of-financial-landscape-in-the-uae-2','2026-11-20T14:30:00Z','2026-11-20T16:30:00Z',25,25,'LAD Training Centre, Dubai','Arabic','open'),
('mediation-advocacy-elevating-legal-practice-in#137','mediation-advocacy-elevating-legal-practice-in','2026-11-21T09:30:00Z','2026-11-21T11:30:00Z',25,25,'LAD Training Centre, Dubai','English','open'),
('consumer-protection-in-electronic-transactions#28','consumer-protection-in-electronic-transactions','2026-11-21T09:30:00Z','2026-11-21T11:30:00Z',30,30,'LAD Training Centre, Dubai','English','open'),
('immigration-law#25','immigration-law','2026-11-21T12:00:00Z','2026-11-21T14:00:00Z',20,20,'LAD Training Centre, Dubai','English','open'),
('mediation-advocacy-elevating-legal-practice-in#138','mediation-advocacy-elevating-legal-practice-in','2026-11-24T09:30:00Z','2026-11-24T11:30:00Z',15,15,'LAD Training Centre, Dubai','English','open'),
('liquidated-damages-in-the-uae#9','liquidated-damages-in-the-uae','2026-11-24T12:00:00Z','2026-11-24T16:00:00Z',25,25,'LAD Training Centre, Dubai','Arabic','open'),
('commercial-contracts-under-civil-code#4','commercial-contracts-under-civil-code','2026-11-24T14:30:00Z','2026-11-24T16:30:00Z',20,20,'LAD Training Centre, Dubai','English','open'),
('mediation-advocacy-elevating-legal-practice-in#139','mediation-advocacy-elevating-legal-practice-in','2026-11-24T14:30:00Z','2026-11-24T16:30:00Z',25,25,'LAD Training Centre, Dubai','English','open'),
('defamation-in-the-uae-what-we-all-need-to-know#21','defamation-in-the-uae-what-we-all-need-to-know','2026-11-24T14:30:00Z','2026-11-24T16:30:00Z',25,25,'LAD Training Centre, Dubai','Arabic','open'),
('overview-of-financial-landscape-in-the-uae#15','overview-of-financial-landscape-in-the-uae','2026-11-24T14:30:00Z','2026-11-24T16:30:00Z',30,30,'LAD Training Centre, Dubai','English','open'),
('common-law-principles-of-tort-in-a-commercial-#11','common-law-principles-of-tort-in-a-commercial-','2026-11-25T09:30:00Z','2026-11-25T11:30:00Z',30,30,'LAD Training Centre, Dubai','English','open'),
('mediation-advocacy-elevating-legal-practice-in#140','mediation-advocacy-elevating-legal-practice-in','2026-11-25T09:30:00Z','2026-11-25T11:30:00Z',35,35,'LAD Training Centre, Dubai','English','open'),
('from-the-client-experience-to-the-client-commi-2#6','from-the-client-experience-to-the-client-commi-2','2026-11-25T09:30:00Z','2026-11-25T11:30:00Z',20,20,'LAD Training Centre, Dubai','English','open'),
('consumer-protection-in-electronic-transactions#29','consumer-protection-in-electronic-transactions','2026-11-25T09:30:00Z','2026-11-25T11:30:00Z',35,35,'LAD Training Centre, Dubai','English','open'),
('immigration-law#26','immigration-law','2026-11-25T12:00:00Z','2026-11-25T14:00:00Z',40,40,'LAD Training Centre, Dubai','English','open'),
('consumer-protection-in-electronic-transactions#30','consumer-protection-in-electronic-transactions','2026-11-25T14:30:00Z','2026-11-25T16:30:00Z',40,40,'LAD Training Centre, Dubai','English','open'),
('overview-of-the-competition-law-in-the-uae#7','overview-of-the-competition-law-in-the-uae','2026-11-25T14:30:00Z','2026-11-25T16:30:00Z',20,20,'LAD Training Centre, Dubai','English','open'),
('mediation-advocacy-elevating-legal-practice-in#141','mediation-advocacy-elevating-legal-practice-in','2026-11-25T14:30:00Z','2026-11-25T16:30:00Z',35,35,'LAD Training Centre, Dubai','English','open'),
('defamation-in-the-uae-what-we-all-need-to-know#22','defamation-in-the-uae-what-we-all-need-to-know','2026-11-26T09:30:00Z','2026-11-26T11:30:00Z',30,30,'LAD Training Centre, Dubai','English','open'),
('mediation-advocacy-elevating-legal-practice-in#142','mediation-advocacy-elevating-legal-practice-in','2026-11-26T09:30:00Z','2026-11-26T11:30:00Z',30,30,'LAD Training Centre, Dubai','English','open'),
('onshore-and-offshore-arbitration-framework-and#11','onshore-and-offshore-arbitration-framework-and','2026-11-26T09:30:00Z','2026-11-26T11:30:00Z',20,20,'LAD Training Centre, Dubai','Arabic','open'),
('onshore-and-offshore-arbitration-framework-and#12','onshore-and-offshore-arbitration-framework-and','2026-11-26T12:00:00Z','2026-11-26T14:00:00Z',20,20,'LAD Training Centre, Dubai','English','open'),
('common-law-principles-of-tort-in-a-commercial-#12','common-law-principles-of-tort-in-a-commercial-','2026-11-26T12:00:00Z','2026-11-26T14:00:00Z',30,30,'LAD Training Centre, Dubai','English','open'),
('navigating-civil-and-commercial-court-cases#9','navigating-civil-and-commercial-court-cases','2026-11-26T12:00:00Z','2026-11-26T14:00:00Z',30,30,'LAD Training Centre, Dubai','English','open'),
('mediation-advocacy-elevating-legal-practice-in#143','mediation-advocacy-elevating-legal-practice-in','2026-11-26T14:30:00Z','2026-11-26T16:30:00Z',40,40,'LAD Training Centre, Dubai','English','open'),
('exploration-and-production-sharing-agreements-#9','exploration-and-production-sharing-agreements-','2026-11-26T14:30:00Z','2026-11-26T16:30:00Z',20,20,'LAD Training Centre, Dubai','English','open'),
('corporate-income-tax-in-the-uae#0','corporate-income-tax-in-the-uae','2026-11-26T14:30:00Z','2026-11-26T16:30:00Z',25,25,'LAD Training Centre, Dubai','English','open'),
('personal-accountability-v-s-organizational-acc#7','personal-accountability-v-s-organizational-acc','2026-11-27T09:30:00Z','2026-11-27T11:30:00Z',30,30,'LAD Training Centre, Dubai','English','open'),
('mediation-advocacy-elevating-legal-practice-in#144','mediation-advocacy-elevating-legal-practice-in','2026-11-27T09:30:00Z','2026-11-27T11:30:00Z',40,40,'LAD Training Centre, Dubai','English','open'),
('consumer-protection-in-electronic-transactions#31','consumer-protection-in-electronic-transactions','2026-11-27T09:30:00Z','2026-11-27T11:30:00Z',30,30,'LAD Training Centre, Dubai','English','open'),
('immigration-law#27','immigration-law','2026-11-27T12:00:00Z','2026-11-27T14:00:00Z',20,20,'LAD Training Centre, Dubai','English','open'),
('alternative-dispute-resolution-in-the-uae#2','alternative-dispute-resolution-in-the-uae','2026-11-27T14:30:00Z','2026-11-27T16:30:00Z',30,30,'LAD Training Centre, Dubai','English','open'),
('immigration-law#28','immigration-law','2026-11-27T14:30:00Z','2026-11-27T16:30:00Z',35,35,'LAD Training Centre, Dubai','Arabic','open'),
('mediation-advocacy-elevating-legal-practice-in#145','mediation-advocacy-elevating-legal-practice-in','2026-11-27T14:30:00Z','2026-11-27T16:30:00Z',25,25,'LAD Training Centre, Dubai','English','open'),
('mediation-advocacy-elevating-legal-practice-in#146','mediation-advocacy-elevating-legal-practice-in','2026-11-28T09:30:00Z','2026-11-28T11:30:00Z',30,30,'LAD Training Centre, Dubai','English','open'),
('immigration-law#29','immigration-law','2026-11-28T09:30:00Z','2026-11-28T11:30:00Z',15,15,'LAD Training Centre, Dubai','English','open'),
('mediation-advocacy-elevating-legal-practice-in#147','mediation-advocacy-elevating-legal-practice-in','2026-11-28T09:30:00Z','2026-11-28T11:30:00Z',40,40,'LAD Training Centre, Dubai','English','open'),
('mediation-advocacy-elevating-legal-practice-in#148','mediation-advocacy-elevating-legal-practice-in','2026-12-04T09:30:00Z','2026-12-04T11:30:00Z',30,30,'LAD Training Centre, Dubai','Arabic','open'),
('onshore-and-offshore-arbitration-framework-and#13','onshore-and-offshore-arbitration-framework-and','2026-12-04T09:30:00Z','2026-12-04T11:30:00Z',20,20,'LAD Training Centre, Dubai','English','open'),
('mediation-advocacy-elevating-legal-practice-in#149','mediation-advocacy-elevating-legal-practice-in','2026-12-04T09:31:00Z','2026-12-04T11:31:00Z',30,30,'LAD Training Centre, Dubai','English','open'),
('onshore-and-offshore-arbitration-framework-and#14','onshore-and-offshore-arbitration-framework-and','2026-12-04T12:00:00Z','2026-12-04T14:00:00Z',20,20,'LAD Training Centre, Dubai','Arabic','open'),
('common-law-principles-of-tort-in-a-commercial-#13','common-law-principles-of-tort-in-a-commercial-','2026-12-04T12:00:00Z','2026-12-04T14:00:00Z',15,15,'LAD Training Centre, Dubai','English','open'),
('exploration-and-production-sharing-agreements-#10','exploration-and-production-sharing-agreements-','2026-12-04T14:30:00Z','2026-12-04T16:30:00Z',30,30,'LAD Training Centre, Dubai','English','open'),
('mediation-advocacy-elevating-legal-practice-in#150','mediation-advocacy-elevating-legal-practice-in','2026-12-04T14:30:00Z','2026-12-04T16:30:00Z',30,30,'LAD Training Centre, Dubai','English','open'),
('mediation-advocacy-elevating-legal-practice-in#151','mediation-advocacy-elevating-legal-practice-in','2026-12-05T09:30:00Z','2026-12-05T11:30:00Z',30,30,'LAD Training Centre, Dubai','Arabic','open'),
('mediation-advocacy-elevating-legal-practice-in#152','mediation-advocacy-elevating-legal-practice-in','2026-12-05T09:31:00Z','2026-12-05T11:31:00Z',30,30,'LAD Training Centre, Dubai','English','open'),
('onshore-and-offshore-arbitration-framework-and#15','onshore-and-offshore-arbitration-framework-and','2026-12-05T09:30:00Z','2026-12-05T11:30:00Z',35,35,'LAD Training Centre, Dubai','Arabic','open'),
('onshore-and-offshore-arbitration-framework-and#16','onshore-and-offshore-arbitration-framework-and','2026-12-05T12:00:00Z','2026-12-05T14:00:00Z',35,35,'LAD Training Centre, Dubai','English','open'),
('mediation-advocacy-elevating-legal-practice-in#153','mediation-advocacy-elevating-legal-practice-in','2026-12-08T09:30:00Z','2026-12-08T11:30:00Z',40,40,'LAD Training Centre, Dubai','Arabic','open'),
('consumer-protection-in-electronic-transactions#32','consumer-protection-in-electronic-transactions','2026-12-08T09:30:00Z','2026-12-08T11:30:00Z',25,25,'LAD Training Centre, Dubai','English','open'),
('construction-law-arbitration#8','construction-law-arbitration','2026-12-08T10:00:00Z','2026-12-08T14:30:00Z',15,15,'Online · Webex','English','open'),
('onshore-and-offshore-arbitration-framework-and#17','onshore-and-offshore-arbitration-framework-and','2026-12-08T12:00:00Z','2026-12-08T14:00:00Z',40,40,'LAD Training Centre, Dubai','Arabic','open'),
('consumer-protection-in-electronic-transactions#33','consumer-protection-in-electronic-transactions','2026-12-08T12:00:00Z','2026-12-08T14:00:00Z',25,25,'LAD Training Centre, Dubai','English','open'),
('overview-of-financial-landscape-in-the-uae#16','overview-of-financial-landscape-in-the-uae','2026-12-08T12:00:00Z','2026-12-08T14:00:00Z',25,25,'LAD Training Centre, Dubai','English','open'),
('immigration-law#30','immigration-law','2026-12-08T14:30:00Z','2026-12-08T16:30:00Z',40,40,'LAD Training Centre, Dubai','English','open'),
('onshore-and-offshore-arbitration-framework-and#18','onshore-and-offshore-arbitration-framework-and','2026-12-08T14:30:00Z','2026-12-08T16:30:00Z',15,15,'LAD Training Centre, Dubai','English','open'),
('mediation-advocacy-elevating-legal-practice-in#154','mediation-advocacy-elevating-legal-practice-in','2026-12-09T09:30:00Z','2026-12-09T11:30:00Z',15,15,'LAD Training Centre, Dubai','Arabic','open'),
('consumer-protection-in-electronic-transactions#34','consumer-protection-in-electronic-transactions','2026-12-09T12:00:00Z','2026-12-09T14:00:00Z',35,35,'LAD Training Centre, Dubai','Arabic','open'),
('immigration-law#31','immigration-law','2026-12-09T14:30:00Z','2026-12-09T16:30:00Z',15,15,'LAD Training Centre, Dubai','Arabic','open'),
('defamation-in-the-uae-what-we-all-need-to-know#23','defamation-in-the-uae-what-we-all-need-to-know','2026-12-10T09:30:00Z','2026-12-10T11:30:00Z',20,20,'LAD Training Centre, Dubai','English','open'),
('corporate-income-tax-in-the-uae#1','corporate-income-tax-in-the-uae','2026-12-10T12:00:00Z','2026-12-10T14:00:00Z',25,25,'LAD Training Centre, Dubai','English','open'),
('liquidated-damages-in-the-uae#10','liquidated-damages-in-the-uae','2026-12-10T12:00:00Z','2026-12-10T16:00:00Z',20,20,'LAD Training Centre, Dubai','Arabic','open'),
('alternative-dispute-resolution-in-the-uae#3','alternative-dispute-resolution-in-the-uae','2026-12-10T14:30:00Z','2026-12-10T16:30:00Z',40,40,'LAD Training Centre, Dubai','English','open'),
('common-law-principles-of-tort-in-a-commercial-#14','common-law-principles-of-tort-in-a-commercial-','2026-12-11T09:30:00Z','2026-12-11T11:30:00Z',25,25,'LAD Training Centre, Dubai','English','open'),
('mastering-your-linkedin-profile-build-a-powerf#10','mastering-your-linkedin-profile-build-a-powerf','2026-12-11T09:30:00Z','2026-12-11T11:30:00Z',30,30,'Online · Webex','English','open'),
('common-law-contract-principles#12','common-law-contract-principles','2026-12-11T12:00:00Z','2026-12-11T14:00:00Z',35,35,'LAD Training Centre, Dubai','English','open'),
('attachment-in-the-uae-code-of-civil-procedure#10','attachment-in-the-uae-code-of-civil-procedure','2026-12-11T12:00:00Z','2026-12-11T16:00:00Z',35,35,'LAD Training Centre, Dubai','Arabic','open'),
('overview-of-the-competition-law-in-the-uae#8','overview-of-the-competition-law-in-the-uae','2026-12-11T14:30:00Z','2026-12-11T16:30:00Z',15,15,'LAD Training Centre, Dubai','English','open'),
('mediation-advocacy-elevating-legal-practice-in#155','mediation-advocacy-elevating-legal-practice-in','2026-12-12T09:30:00Z','2026-12-12T11:30:00Z',30,30,'LAD Training Centre, Dubai','Arabic','open'),
('mediation-advocacy-elevating-legal-practice-in#156','mediation-advocacy-elevating-legal-practice-in','2026-12-12T09:31:00Z','2026-12-12T11:31:00Z',35,35,'LAD Training Centre, Dubai','English','open'),
('consumer-protection-in-electronic-transactions#35','consumer-protection-in-electronic-transactions','2026-12-12T09:30:00Z','2026-12-12T11:30:00Z',20,20,'LAD Training Centre, Dubai','Arabic','open'),
('immigration-law#32','immigration-law','2026-12-12T12:00:00Z','2026-12-12T14:00:00Z',30,30,'LAD Training Centre, Dubai','Arabic','open'),
('mediation-advocacy-elevating-legal-practice-in#157','mediation-advocacy-elevating-legal-practice-in','2026-12-15T09:30:00Z','2026-12-15T11:30:00Z',25,25,'LAD Training Centre, Dubai','English','open'),
('from-the-client-experience-to-the-client-commi-2#7','from-the-client-experience-to-the-client-commi-2','2026-12-15T09:30:00Z','2026-12-15T11:30:00Z',20,20,'LAD Training Centre, Dubai','English','open'),
('onshore-and-offshore-arbitration-framework-and#19','onshore-and-offshore-arbitration-framework-and','2026-12-15T12:00:00Z','2026-12-15T14:00:00Z',30,30,'LAD Training Centre, Dubai','English','open'),
('consumer-protection-in-electronic-transactions#36','consumer-protection-in-electronic-transactions','2026-12-15T12:00:00Z','2026-12-15T14:00:00Z',25,25,'LAD Training Centre, Dubai','English','open'),
('onshore-and-offshore-arbitration-framework-and#20','onshore-and-offshore-arbitration-framework-and','2026-12-15T14:30:00Z','2026-12-15T16:30:00Z',25,25,'LAD Training Centre, Dubai','Arabic','open'),
('immigration-law#33','immigration-law','2026-12-15T14:30:00Z','2026-12-15T16:30:00Z',30,30,'LAD Training Centre, Dubai','English','open'),
('mediation-advocacy-elevating-legal-practice-in#158','mediation-advocacy-elevating-legal-practice-in','2026-12-15T14:30:00Z','2026-12-15T16:30:00Z',40,40,'LAD Training Centre, Dubai','English','open'),
('mediation-advocacy-elevating-legal-practice-in#159','mediation-advocacy-elevating-legal-practice-in','2026-12-16T09:30:00Z','2026-12-16T11:30:00Z',35,35,'LAD Training Centre, Dubai','English','open'),
('common-law-principles-of-tort-in-a-commercial-#15','common-law-principles-of-tort-in-a-commercial-','2026-12-16T09:30:00Z','2026-12-16T11:30:00Z',20,20,'LAD Training Centre, Dubai','English','open'),
('navigating-civil-and-commercial-court-cases#10','navigating-civil-and-commercial-court-cases','2026-12-16T09:30:00Z','2026-12-16T11:30:00Z',30,30,'LAD Training Centre, Dubai','English','open'),
('consumer-protection-in-electronic-transactions#37','consumer-protection-in-electronic-transactions','2026-12-16T12:00:00Z','2026-12-16T14:00:00Z',40,40,'LAD Training Centre, Dubai','English','open'),
('immigration-law#34','immigration-law','2026-12-16T14:30:00Z','2026-12-16T16:30:00Z',25,25,'LAD Training Centre, Dubai','English','open'),
('mediation-advocacy-elevating-legal-practice-in#160','mediation-advocacy-elevating-legal-practice-in','2026-12-16T14:30:00Z','2026-12-16T16:30:00Z',30,30,'LAD Training Centre, Dubai','English','open'),
('uae-bankruptcy-law-practice-and-trends-a-maste#20','uae-bankruptcy-law-practice-and-trends-a-maste','2026-12-16T14:30:00Z','2026-12-16T16:30:00Z',35,35,'LAD Training Centre, Dubai','Arabic','open'),
('mediation-advocacy-elevating-legal-practice-in#161','mediation-advocacy-elevating-legal-practice-in','2026-12-17T09:30:00Z','2026-12-17T11:30:00Z',30,30,'LAD Training Centre, Dubai','English','open'),
('consumer-protection-in-electronic-transactions#38','consumer-protection-in-electronic-transactions','2026-12-17T09:30:00Z','2026-12-17T11:30:00Z',25,25,'LAD Training Centre, Dubai','Arabic','open'),
('defamation-in-the-uae-what-we-all-need-to-know#24','defamation-in-the-uae-what-we-all-need-to-know','2026-12-17T09:30:00Z','2026-12-17T11:30:00Z',40,40,'LAD Training Centre, Dubai','English','open'),
('personal-accountability-v-s-organizational-acc#8','personal-accountability-v-s-organizational-acc','2026-12-17T09:30:00Z','2026-12-17T11:30:00Z',25,25,'LAD Training Centre, Dubai','English','open'),
('consumer-protection-in-electronic-transactions#39','consumer-protection-in-electronic-transactions','2026-12-17T12:00:00Z','2026-12-17T14:00:00Z',40,40,'LAD Training Centre, Dubai','English','open'),
('mediation-advocacy-elevating-legal-practice-in#162','mediation-advocacy-elevating-legal-practice-in','2026-12-17T12:00:00Z','2026-12-17T14:00:00Z',40,40,'LAD Training Centre, Dubai','Arabic','open'),
('immigration-law#35','immigration-law','2026-12-17T14:30:00Z','2026-12-17T16:30:00Z',25,25,'LAD Training Centre, Dubai','Arabic','open'),
('mediation-advocacy-elevating-legal-practice-in#163','mediation-advocacy-elevating-legal-practice-in','2026-12-17T14:30:00Z','2026-12-17T16:30:00Z',30,30,'LAD Training Centre, Dubai','English','open'),
('uae-bankruptcy-law-practice-and-trends-a-maste#21','uae-bankruptcy-law-practice-and-trends-a-maste','2026-12-17T14:30:00Z','2026-12-17T16:30:00Z',25,25,'LAD Training Centre, Dubai','English','open'),
('mediation-advocacy-elevating-legal-practice-in#164','mediation-advocacy-elevating-legal-practice-in','2026-12-18T09:30:00Z','2026-12-18T11:30:00Z',30,30,'LAD Training Centre, Dubai','English','open'),
('common-law-principles-of-tort-in-a-commercial-#16','common-law-principles-of-tort-in-a-commercial-','2026-12-18T09:30:00Z','2026-12-18T11:30:00Z',25,25,'LAD Training Centre, Dubai','English','open'),
('onshore-and-offshore-arbitration-framework-and#21','onshore-and-offshore-arbitration-framework-and','2026-12-18T09:30:00Z','2026-12-18T11:30:00Z',30,30,'LAD Training Centre, Dubai','English','open'),
('onshore-and-offshore-arbitration-framework-and#22','onshore-and-offshore-arbitration-framework-and','2026-12-18T12:00:00Z','2026-12-18T14:00:00Z',35,35,'LAD Training Centre, Dubai','English','open'),
('liquidated-damages-in-the-uae#11','liquidated-damages-in-the-uae','2026-12-18T12:00:00Z','2026-12-18T16:00:00Z',40,40,'LAD Training Centre, Dubai','Arabic','open'),
('challenging-enforcing-the-arbitral-award#22','challenging-enforcing-the-arbitral-award','2026-12-18T14:30:00Z','2026-12-18T16:30:00Z',15,15,'LAD Training Centre, Dubai','English','open'),
('mediation-advocacy-elevating-legal-practice-in#165','mediation-advocacy-elevating-legal-practice-in','2026-12-18T14:30:00Z','2026-12-18T16:30:00Z',30,30,'LAD Training Centre, Dubai','English','open'),
('mediation-advocacy-elevating-legal-practice-in#166','mediation-advocacy-elevating-legal-practice-in','2026-12-19T09:30:00Z','2026-12-19T11:30:00Z',20,20,'LAD Training Centre, Dubai','English','open'),
('common-law-contract-principles#13','common-law-contract-principles','2026-12-19T09:30:00Z','2026-12-19T11:30:00Z',15,15,'LAD Training Centre, Dubai','English','open'),
('consumer-protection-in-electronic-transactions#40','consumer-protection-in-electronic-transactions','2026-12-22T09:30:00Z','2026-12-22T11:30:00Z',35,35,'LAD Training Centre, Dubai','English','open'),
('corporate-income-tax-in-the-uae#2','corporate-income-tax-in-the-uae','2026-12-22T09:30:00Z','2026-12-22T11:30:00Z',20,20,'LAD Training Centre, Dubai','English','open'),
('immigration-law#36','immigration-law','2026-12-22T12:00:00Z','2026-12-22T14:00:00Z',30,30,'LAD Training Centre, Dubai','English','open'),
('consumer-protection-in-electronic-transactions#41','consumer-protection-in-electronic-transactions','2026-12-22T14:30:00Z','2026-12-22T16:30:00Z',30,30,'LAD Training Centre, Dubai','Arabic','open'),
('overview-of-financial-landscape-in-the-uae#17','overview-of-financial-landscape-in-the-uae','2026-12-22T14:30:00Z','2026-12-22T16:30:00Z',15,15,'LAD Training Centre, Dubai','English','open'),
('common-law-principles-of-tort-in-a-commercial-#17','common-law-principles-of-tort-in-a-commercial-','2026-12-23T09:30:00Z','2026-12-23T11:30:00Z',20,20,'LAD Training Centre, Dubai','English','open'),
('consumer-protection-in-electronic-transactions#42','consumer-protection-in-electronic-transactions','2026-12-23T09:30:00Z','2026-12-23T11:30:00Z',15,15,'LAD Training Centre, Dubai','Arabic','open'),
('an-overview-of-financial-landscape-in-the-uae-2#2','an-overview-of-financial-landscape-in-the-uae-2','2026-12-23T12:00:00Z','2026-12-23T14:00:00Z',40,40,'LAD Training Centre, Dubai','Arabic','open'),
('immigration-law#37','immigration-law','2026-12-23T12:00:00Z','2026-12-23T14:00:00Z',40,40,'LAD Training Centre, Dubai','Arabic','open'),
('immigration-law#38','immigration-law','2026-12-23T14:30:00Z','2026-12-23T16:30:00Z',20,20,'LAD Training Centre, Dubai','English','open'),
('immigration-law#39','immigration-law','2026-12-23T14:30:00Z','2026-12-23T16:30:00Z',15,15,'LAD Training Centre, Dubai','Arabic','open'),
('mediation-advocacy-elevating-legal-practice-in#167','mediation-advocacy-elevating-legal-practice-in','2026-12-23T14:30:00Z','2026-12-23T16:30:00Z',30,30,'LAD Training Centre, Dubai','Arabic','open'),
('liquidated-damages-in-the-uae#12','liquidated-damages-in-the-uae','2026-12-24T12:00:00Z','2026-12-24T16:00:00Z',30,30,'LAD Training Centre, Dubai','Arabic','open'),
('overview-of-the-competition-law-in-the-uae#9','overview-of-the-competition-law-in-the-uae','2026-12-24T12:00:00Z','2026-12-24T14:00:00Z',15,15,'LAD Training Centre, Dubai','English','open'),
('uae-bankruptcy-law-practice-and-trends-a-maste#22','uae-bankruptcy-law-practice-and-trends-a-maste','2026-12-24T14:30:00Z','2026-12-24T16:30:00Z',20,20,'LAD Training Centre, Dubai','English','open'),
('uae-bankruptcy-law-practice-and-trends-a-maste#23','uae-bankruptcy-law-practice-and-trends-a-maste','2026-12-24T14:31:00Z','2026-12-24T16:31:00Z',25,25,'LAD Training Centre, Dubai','Arabic','open'),
('consumer-protection-in-aviation-law#0','consumer-protection-in-aviation-law','2026-12-25T09:30:00Z','2026-12-25T11:30:00Z',40,40,'LAD Training Centre, Dubai','Arabic','open'),
('attachment-in-the-uae-code-of-civil-procedure#11','attachment-in-the-uae-code-of-civil-procedure','2026-12-25T12:00:00Z','2026-12-25T16:00:00Z',25,25,'LAD Training Centre, Dubai','Arabic','open'),
('corporate-income-tax-in-the-uae#3','corporate-income-tax-in-the-uae','2026-12-25T12:00:00Z','2026-12-25T14:00:00Z',40,40,'LAD Training Centre, Dubai','Arabic','open'),
('mediation-advocacy-elevating-legal-practice-in#168','mediation-advocacy-elevating-legal-practice-in','2026-12-25T14:30:00Z','2026-12-25T16:30:00Z',25,25,'LAD Training Centre, Dubai','Arabic','open'),
('defamation-in-the-uae-what-we-all-need-to-know#25','defamation-in-the-uae-what-we-all-need-to-know','2026-12-25T14:30:00Z','2026-12-25T16:30:00Z',30,30,'LAD Training Centre, Dubai','Arabic','open'),
('defamation-in-the-uae-what-we-all-need-to-know#26','defamation-in-the-uae-what-we-all-need-to-know','2026-12-26T09:30:00Z','2026-12-26T11:30:00Z',35,35,'LAD Training Centre, Dubai','Arabic','open'),
('mediation-advocacy-elevating-legal-practice-in#169','mediation-advocacy-elevating-legal-practice-in','2026-12-29T09:30:00Z','2026-12-29T11:30:00Z',25,25,'LAD Training Centre, Dubai','Arabic','open'),
('attachment-in-the-uae-code-of-civil-procedure#12','attachment-in-the-uae-code-of-civil-procedure','2026-12-29T12:00:00Z','2026-12-29T16:00:00Z',25,25,'LAD Training Centre, Dubai','Arabic','open'),
('mediation-advocacy-elevating-legal-practice-in#170','mediation-advocacy-elevating-legal-practice-in','2026-12-30T09:30:00Z','2026-12-30T11:30:00Z',40,40,'LAD Training Centre, Dubai','English','open'),
('liquidated-damages-in-the-uae#13','liquidated-damages-in-the-uae','2026-12-30T12:00:00Z','2026-12-30T16:00:00Z',20,20,'LAD Training Centre, Dubai','Arabic','open'),
('commercial-contracts-under-civil-code#5','commercial-contracts-under-civil-code','2026-12-30T14:30:00Z','2026-12-30T16:30:00Z',40,40,'LAD Training Centre, Dubai','English','open'),
('attachment-in-the-uae-code-of-civil-procedure#13','attachment-in-the-uae-code-of-civil-procedure','2026-12-31T12:00:00Z','2026-12-31T16:00:00Z',25,25,'LAD Training Centre, Dubai','Arabic','open');

-- ── Credits for the test lawyer logins (so bookings can be run) ──
UPDATE lawyers SET credit_balance = 40 WHERE id IN ('L-06818','L-05010','L-01253','L-06548','L-00235','L-04231');

